symbol,name,date,time,price,change,changePct
MSFT,Microsoft,2026-09-07,09:30,99.72,0.08,0.0834
MSFT,Microsoft,2026-09-07,10:00,100.24,0.60,0.5999
MSFT,Microsoft,2026-09-07,10:30,100.52,0.88,0.8879
MSFT,Microsoft,2026-09-07,11:00,101.00,1.36,1.3648
MSFT,Microsoft,2026-09-07,11:30,101.15,1.51,1.5160
MSFT,Microsoft,2026-09-07,12:00,101.29,1.66,1.6627
MSFT,Microsoft,2026-09-07,12:30,101.25,1.62,1.6227
MSFT,Microsoft,2026-09-07,13:00,100.95,1.31,1.3167
MSFT,Microsoft,2026-09-07,13:30,101.52,1.89,1.8942
MSFT,Microsoft,2026-09-07,14:00,101.05,1.42,1.4218
MSFT,Microsoft,2026-09-07,14:30,101.58,1.95,1.9544
MSFT,Microsoft,2026-09-07,15:00,101.81,2.18,2.1833
MSFT,Microsoft,2026-09-07,15:30,101.50,1.86,1.8663
MSFT,Microsoft,2026-09-07,16:00,101.93,2.29,2.3015
META,Meta Platforms,2026-09-07,09:30,140.21,0.13,0.0894
META,Meta Platforms,2026-09-07,10:00,139.95,-0.13,-0.0895
META,Meta Platforms,2026-09-07,10:30,140.37,0.29,0.2066
META,Meta Platforms,2026-09-07,11:00,139.86,-0.22,-0.1588
META,Meta Platforms,2026-09-07,11:30,140.60,0.52,0.3720
META,Meta Platforms,2026-09-07,12:00,140.35,0.27,0.1905
META,Meta Platforms,2026-09-07,12:30,139.86,-0.22,-0.1563
META,Meta Platforms,2026-09-07,13:00,140.43,0.35,0.2467
META,Meta Platforms,2026-09-07,13:30,140.55,0.47,0.3363
META,Meta Platforms,2026-09-07,14:00,141.08,1.00,0.7126
META,Meta Platforms,2026-09-07,14:30,141.87,1.79,1.2793
META,Meta Platforms,2026-09-07,15:00,141.84,1.76,1.2536
META,Meta Platforms,2026-09-07,15:30,142.20,2.12,1.5150
META,Meta Platforms,2026-09-07,16:00,142.83,2.75,1.9600
TSLA,Tesla,2026-09-07,09:30,168.91,-0.70,-0.4124
TSLA,Tesla,2026-09-07,10:00,169.46,-0.16,-0.0932
TSLA,Tesla,2026-09-07,10:30,170.39,0.77,0.4563
TSLA,Tesla,2026-09-07,11:00,170.09,0.47,0.2800
TSLA,Tesla,2026-09-07,11:30,170.42,0.81,0.4754
TSLA,Tesla,2026-09-07,12:00,169.62,0.01,0.0044
TSLA,Tesla,2026-09-07,12:30,169.45,-0.17,-0.0974
TSLA,Tesla,2026-09-07,13:00,170.03,0.42,0.2481
TSLA,Tesla,2026-09-07,13:30,169.67,0.06,0.0330
TSLA,Tesla,2026-09-07,14:00,169.48,-0.14,-0.0816
TSLA,Tesla,2026-09-07,14:30,168.95,-0.66,-0.3906
TSLA,Tesla,2026-09-07,15:00,169.64,0.03,0.0182
TSLA,Tesla,2026-09-07,15:30,169.86,0.25,0.1466
TSLA,Tesla,2026-09-07,16:00,169.86,0.25,0.1460
JPM,JPMorgan Chase,2026-09-07,09:30,213.99,1.04,0.4867
JPM,JPMorgan Chase,2026-09-07,10:00,213.09,0.13,0.0629
JPM,JPMorgan Chase,2026-09-07,10:30,213.49,0.54,0.2533
JPM,JPMorgan Chase,2026-09-07,11:00,214.21,1.26,0.5899
JPM,JPMorgan Chase,2026-09-07,11:30,214.46,1.51,0.7096
JPM,JPMorgan Chase,2026-09-07,12:00,215.68,2.73,1.2809
JPM,JPMorgan Chase,2026-09-07,12:30,214.70,1.75,0.8223
JPM,JPMorgan Chase,2026-09-07,13:00,215.31,2.36,1.1074
JPM,JPMorgan Chase,2026-09-07,13:30,214.89,1.94,0.9107
JPM,JPMorgan Chase,2026-09-07,14:00,214.73,1.78,0.8343
JPM,JPMorgan Chase,2026-09-07,14:30,214.42,1.47,0.6914
JPM,JPMorgan Chase,2026-09-07,15:00,215.29,2.34,1.0968
JPM,JPMorgan Chase,2026-09-07,15:30,215.69,2.74,1.2850
JPM,JPMorgan Chase,2026-09-07,16:00,216.86,3.91,1.8350
NFLX,Netflix,2026-09-07,09:30,240.00,1.11,0.4626
NFLX,Netflix,2026-09-07,10:00,239.49,0.59,0.2479
NFLX,Netflix,2026-09-07,10:30,238.84,-0.06,-0.0259
NFLX,Netflix,2026-09-07,11:00,239.61,0.71,0.2971
NFLX,Netflix,2026-09-07,11:30,239.31,0.41,0.1706
NFLX,Netflix,2026-09-07,12:00,240.43,1.53,0.6398
NFLX,Netflix,2026-09-07,12:30,241.75,2.85,1.1939
NFLX,Netflix,2026-09-07,13:00,240.58,1.68,0.7028
NFLX,Netflix,2026-09-07,13:30,241.38,2.48,1.0385
NFLX,Netflix,2026-09-07,14:00,242.52,3.62,1.5146
NFLX,Netflix,2026-09-07,14:30,242.53,3.63,1.5187
NFLX,Netflix,2026-09-07,15:00,241.90,3.00,1.2578
NFLX,Netflix,2026-09-07,15:30,242.09,3.20,1.3377
NFLX,Netflix,2026-09-07,16:00,241.02,2.12,0.8875
DIS,Walt Disney,2026-09-07,09:30,288.40,1.19,0.4157
DIS,Walt Disney,2026-09-07,10:00,287.15,-0.06,-0.0209
DIS,Walt Disney,2026-09-07,10:30,288.47,1.26,0.4394
DIS,Walt Disney,2026-09-07,11:00,288.36,1.15,0.4012
DIS,Walt Disney,2026-09-07,11:30,287.86,0.65,0.2262
DIS,Walt Disney,2026-09-07,12:00,286.42,-0.79,-0.2758
DIS,Walt Disney,2026-09-07,12:30,286.49,-0.72,-0.2502
DIS,Walt Disney,2026-09-07,13:00,285.98,-1.23,-0.4293
DIS,Walt Disney,2026-09-07,13:30,287.09,-0.11,-0.0400
DIS,Walt Disney,2026-09-07,14:00,287.89,0.68,0.2382
DIS,Walt Disney,2026-09-07,14:30,287.22,0.01,0.0026
DIS,Walt Disney,2026-09-07,15:00,286.26,-0.95,-0.3314
DIS,Walt Disney,2026-09-07,15:30,287.48,0.27,0.0943
DIS,Walt Disney,2026-09-07,16:00,288.35,1.14,0.3967
AAPL,Apple,2026-09-07,09:30,325.58,1.23,0.3807
AAPL,Apple,2026-09-07,10:00,325.50,1.15,0.3554
AAPL,Apple,2026-09-07,10:30,327.01,2.67,0.8238
AAPL,Apple,2026-09-07,11:00,328.93,4.59,1.4148
AAPL,Apple,2026-09-07,11:30,328.38,4.03,1.2435
AAPL,Apple,2026-09-07,12:00,329.70,5.36,1.6515
AAPL,Apple,2026-09-07,12:30,329.99,5.65,1.7424
AAPL,Apple,2026-09-07,13:00,331.36,7.02,2.1646
AAPL,Apple,2026-09-07,13:30,333.27,8.92,2.7516
AAPL,Apple,2026-09-07,14:00,332.38,8.04,2.4783
AAPL,Apple,2026-09-07,14:30,332.32,7.98,2.4600
AAPL,Apple,2026-09-07,15:00,333.19,8.84,2.7262
AAPL,Apple,2026-09-07,15:30,331.65,7.30,2.2515
AAPL,Apple,2026-09-07,16:00,332.09,7.74,2.3878
NVDA,NVIDIA,2026-09-07,09:30,357.74,-0.77,-0.2134
NVDA,NVIDIA,2026-09-07,10:00,359.51,1.01,0.2808
NVDA,NVIDIA,2026-09-07,10:30,358.20,-0.30,-0.0831
NVDA,NVIDIA,2026-09-07,11:00,356.52,-1.98,-0.5525
NVDA,NVIDIA,2026-09-07,11:30,355.72,-2.78,-0.7757
NVDA,NVIDIA,2026-09-07,12:00,354.37,-4.13,-1.1523
NVDA,NVIDIA,2026-09-07,12:30,355.45,-3.05,-0.8505
NVDA,NVIDIA,2026-09-07,13:00,353.78,-4.72,-1.3172
NVDA,NVIDIA,2026-09-07,13:30,353.44,-5.06,-1.4115
NVDA,NVIDIA,2026-09-07,14:00,354.33,-4.17,-1.1637
NVDA,NVIDIA,2026-09-07,14:30,352.85,-5.65,-1.5772
NVDA,NVIDIA,2026-09-07,15:00,353.14,-5.36,-1.4964
NVDA,NVIDIA,2026-09-07,15:30,354.70,-3.80,-1.0602
NVDA,NVIDIA,2026-09-07,16:00,353.82,-4.69,-1.3071
GOOGL,Alphabet,2026-09-07,09:30,381.90,-1.35,-0.3525
GOOGL,Alphabet,2026-09-07,10:00,380.83,-2.41,-0.6295
GOOGL,Alphabet,2026-09-07,10:30,381.03,-2.22,-0.5784
GOOGL,Alphabet,2026-09-07,11:00,383.04,-0.20,-0.0533
GOOGL,Alphabet,2026-09-07,11:30,384.50,1.25,0.3259
GOOGL,Alphabet,2026-09-07,12:00,386.20,2.96,0.7715
GOOGL,Alphabet,2026-09-07,12:30,385.21,1.97,0.5132
GOOGL,Alphabet,2026-09-07,13:00,384.34,1.09,0.2844
GOOGL,Alphabet,2026-09-07,13:30,383.31,0.07,0.0173
GOOGL,Alphabet,2026-09-07,14:00,382.17,-1.08,-0.2806
GOOGL,Alphabet,2026-09-07,14:30,383.83,0.58,0.1513
GOOGL,Alphabet,2026-09-07,15:00,385.41,2.17,0.5653
GOOGL,Alphabet,2026-09-07,15:30,387.29,4.04,1.0542
GOOGL,Alphabet,2026-09-07,16:00,387.14,3.89,1.0157
AMZN,Amazon,2026-09-07,09:30,434.15,0.70,0.1617
AMZN,Amazon,2026-09-07,10:00,433.43,-0.02,-0.0053
AMZN,Amazon,2026-09-07,10:30,433.99,0.54,0.1239
AMZN,Amazon,2026-09-07,11:00,435.05,1.60,0.3692
AMZN,Amazon,2026-09-07,11:30,436.79,3.34,0.7704
AMZN,Amazon,2026-09-07,12:00,435.14,1.69,0.3910
AMZN,Amazon,2026-09-07,12:30,437.35,3.90,0.8996
AMZN,Amazon,2026-09-07,13:00,437.63,4.18,0.9653
AMZN,Amazon,2026-09-07,13:30,436.07,2.62,0.6039
AMZN,Amazon,2026-09-07,14:00,437.56,4.11,0.9474
AMZN,Amazon,2026-09-07,14:30,435.79,2.34,0.5401
AMZN,Amazon,2026-09-07,15:00,436.96,3.51,0.8091
AMZN,Amazon,2026-09-07,15:30,434.88,1.43,0.3304
AMZN,Amazon,2026-09-07,16:00,435.45,2.00,0.4605
MSFT,Microsoft,2026-09-08,09:30,92.43,-0.36,-0.3838
MSFT,Microsoft,2026-09-08,10:00,92.13,-0.65,-0.7053
MSFT,Microsoft,2026-09-08,10:30,92.33,-0.45,-0.4855
MSFT,Microsoft,2026-09-08,11:00,92.07,-0.71,-0.7660
MSFT,Microsoft,2026-09-08,11:30,91.64,-1.15,-1.2357
MSFT,Microsoft,2026-09-08,12:00,92.12,-0.66,-0.7114
MSFT,Microsoft,2026-09-08,12:30,91.82,-0.96,-1.0394
MSFT,Microsoft,2026-09-08,13:00,92.08,-0.71,-0.7625
MSFT,Microsoft,2026-09-08,13:30,91.81,-0.97,-1.0472
MSFT,Microsoft,2026-09-08,14:00,92.13,-0.65,-0.7059
MSFT,Microsoft,2026-09-08,14:30,91.80,-0.99,-1.0659
MSFT,Microsoft,2026-09-08,15:00,91.95,-0.84,-0.9047
MSFT,Microsoft,2026-09-08,15:30,92.42,-0.36,-0.3911
MSFT,Microsoft,2026-09-08,16:00,92.36,-0.43,-0.4605
META,Meta Platforms,2026-09-08,09:30,124.86,-0.23,-0.1812
META,Meta Platforms,2026-09-08,10:00,124.89,-0.20,-0.1573
META,Meta Platforms,2026-09-08,10:30,125.25,0.16,0.1284
META,Meta Platforms,2026-09-08,11:00,124.67,-0.41,-0.3297
META,Meta Platforms,2026-09-08,11:30,124.05,-1.03,-0.8246
META,Meta Platforms,2026-09-08,12:00,123.86,-1.23,-0.9802
META,Meta Platforms,2026-09-08,12:30,123.98,-1.10,-0.8816
META,Meta Platforms,2026-09-08,13:00,124.34,-0.74,-0.5954
META,Meta Platforms,2026-09-08,13:30,123.97,-1.12,-0.8921
META,Meta Platforms,2026-09-08,14:00,124.17,-0.92,-0.7316
META,Meta Platforms,2026-09-08,14:30,123.70,-1.39,-1.1099
META,Meta Platforms,2026-09-08,15:00,123.60,-1.49,-1.1874
META,Meta Platforms,2026-09-08,15:30,123.44,-1.64,-1.3150
META,Meta Platforms,2026-09-08,16:00,123.33,-1.75,-1.4011
TSLA,Tesla,2026-09-08,09:30,174.09,-0.42,-0.2421
TSLA,Tesla,2026-09-08,10:00,173.54,-0.97,-0.5562
TSLA,Tesla,2026-09-08,10:30,173.01,-1.50,-0.8589
TSLA,Tesla,2026-09-08,11:00,172.26,-2.25,-1.2893
TSLA,Tesla,2026-09-08,11:30,171.90,-2.61,-1.4944
TSLA,Tesla,2026-09-08,12:00,172.50,-2.01,-1.1520
TSLA,Tesla,2026-09-08,12:30,172.32,-2.19,-1.2552
TSLA,Tesla,2026-09-08,13:00,171.79,-2.72,-1.5615
TSLA,Tesla,2026-09-08,13:30,170.92,-3.60,-2.0608
TSLA,Tesla,2026-09-08,14:00,170.50,-4.02,-2.3008
TSLA,Tesla,2026-09-08,14:30,170.35,-4.16,-2.3831
TSLA,Tesla,2026-09-08,15:00,169.50,-5.01,-2.8728
TSLA,Tesla,2026-09-08,15:30,169.68,-4.83,-2.7704
TSLA,Tesla,2026-09-08,16:00,169.46,-5.06,-2.8970
JPM,JPMorgan Chase,2026-09-08,09:30,203.74,0.23,0.1125
JPM,JPMorgan Chase,2026-09-08,10:00,204.39,0.88,0.4312
JPM,JPMorgan Chase,2026-09-08,10:30,204.02,0.51,0.2520
JPM,JPMorgan Chase,2026-09-08,11:00,204.81,1.30,0.6377
JPM,JPMorgan Chase,2026-09-08,11:30,205.11,1.60,0.7872
JPM,JPMorgan Chase,2026-09-08,12:00,204.85,1.34,0.6563
JPM,JPMorgan Chase,2026-09-08,12:30,203.97,0.46,0.2250
JPM,JPMorgan Chase,2026-09-08,13:00,204.82,1.31,0.6428
JPM,JPMorgan Chase,2026-09-08,13:30,204.92,1.40,0.6903
JPM,JPMorgan Chase,2026-09-08,14:00,204.57,1.06,0.5210
JPM,JPMorgan Chase,2026-09-08,14:30,204.09,0.58,0.2859
JPM,JPMorgan Chase,2026-09-08,15:00,204.58,1.07,0.5239
JPM,JPMorgan Chase,2026-09-08,15:30,204.17,0.66,0.3241
JPM,JPMorgan Chase,2026-09-08,16:00,205.26,1.75,0.8607
NFLX,Netflix,2026-09-08,09:30,249.94,1.41,0.5655
NFLX,Netflix,2026-09-08,10:00,249.27,0.74,0.2973
NFLX,Netflix,2026-09-08,10:30,248.17,-0.36,-0.1454
NFLX,Netflix,2026-09-08,11:00,248.63,0.10,0.0391
NFLX,Netflix,2026-09-08,11:30,248.71,0.18,0.0742
NFLX,Netflix,2026-09-08,12:00,250.09,1.56,0.6276
NFLX,Netflix,2026-09-08,12:30,248.85,0.32,0.1274
NFLX,Netflix,2026-09-08,13:00,250.14,1.61,0.6484
NFLX,Netflix,2026-09-08,13:30,249.64,1.11,0.4470
NFLX,Netflix,2026-09-08,14:00,249.56,1.03,0.4160
NFLX,Netflix,2026-09-08,14:30,248.46,-0.07,-0.0283
NFLX,Netflix,2026-09-08,15:00,248.50,-0.03,-0.0109
NFLX,Netflix,2026-09-08,15:30,249.14,0.61,0.2468
NFLX,Netflix,2026-09-08,16:00,248.60,0.06,0.0261
DIS,Walt Disney,2026-09-08,09:30,270.34,0.22,0.0813
DIS,Walt Disney,2026-09-08,10:00,271.91,1.79,0.6636
DIS,Walt Disney,2026-09-08,10:30,270.80,0.68,0.2501
DIS,Walt Disney,2026-09-08,11:00,269.56,-0.56,-0.2075
DIS,Walt Disney,2026-09-08,11:30,268.88,-1.25,-0.4610
DIS,Walt Disney,2026-09-08,12:00,270.39,0.27,0.1007
DIS,Walt Disney,2026-09-08,12:30,270.44,0.31,0.1164
DIS,Walt Disney,2026-09-08,13:00,269.24,-0.88,-0.3248
DIS,Walt Disney,2026-09-08,13:30,269.47,-0.65,-0.2394
DIS,Walt Disney,2026-09-08,14:00,268.19,-1.93,-0.7162
DIS,Walt Disney,2026-09-08,14:30,269.68,-0.44,-0.1647
DIS,Walt Disney,2026-09-08,15:00,270.53,0.41,0.1520
DIS,Walt Disney,2026-09-08,15:30,271.17,1.05,0.3871
DIS,Walt Disney,2026-09-08,16:00,270.62,0.49,0.1832
AAPL,Apple,2026-09-08,09:30,308.19,-1.07,-0.3448
AAPL,Apple,2026-09-08,10:00,307.82,-1.43,-0.4627
AAPL,Apple,2026-09-08,10:30,309.26,0.01,0.0035
AAPL,Apple,2026-09-08,11:00,308.74,-0.51,-0.1661
AAPL,Apple,2026-09-08,11:30,307.40,-1.85,-0.5997
AAPL,Apple,2026-09-08,12:00,306.75,-2.50,-0.8098
AAPL,Apple,2026-09-08,12:30,307.69,-1.57,-0.5065
AAPL,Apple,2026-09-08,13:00,307.98,-1.27,-0.4111
AAPL,Apple,2026-09-08,13:30,309.29,0.04,0.0128
AAPL,Apple,2026-09-08,14:00,310.20,0.95,0.3061
AAPL,Apple,2026-09-08,14:30,309.96,0.70,0.2275
AAPL,Apple,2026-09-08,15:00,309.04,-0.21,-0.0678
AAPL,Apple,2026-09-08,15:30,308.16,-1.09,-0.3521
AAPL,Apple,2026-09-08,16:00,308.34,-0.91,-0.2956
NVDA,NVIDIA,2026-09-08,09:30,361.58,0.00,0.0011
NVDA,NVIDIA,2026-09-08,10:00,360.41,-1.16,-0.3216
NVDA,NVIDIA,2026-09-08,10:30,361.29,-0.29,-0.0799
NVDA,NVIDIA,2026-09-08,11:00,360.88,-0.70,-0.1929
NVDA,NVIDIA,2026-09-08,11:30,359.59,-1.99,-0.5490
NVDA,NVIDIA,2026-09-08,12:00,360.44,-1.14,-0.3141
NVDA,NVIDIA,2026-09-08,12:30,362.52,0.95,0.2620
NVDA,NVIDIA,2026-09-08,13:00,364.52,2.95,0.8158
NVDA,NVIDIA,2026-09-08,13:30,365.54,3.96,1.0963
NVDA,NVIDIA,2026-09-08,14:00,365.93,4.36,1.2056
NVDA,NVIDIA,2026-09-08,14:30,366.19,4.62,1.2769
NVDA,NVIDIA,2026-09-08,15:00,366.98,5.40,1.4941
NVDA,NVIDIA,2026-09-08,15:30,365.65,4.08,1.1278
NVDA,NVIDIA,2026-09-08,16:00,367.14,5.56,1.5386
GOOGL,Alphabet,2026-09-08,09:30,387.05,-0.13,-0.0344
GOOGL,Alphabet,2026-09-08,10:00,385.20,-1.99,-0.5134
GOOGL,Alphabet,2026-09-08,10:30,385.43,-1.75,-0.4518
GOOGL,Alphabet,2026-09-08,11:00,383.70,-3.48,-0.8996
GOOGL,Alphabet,2026-09-08,11:30,385.76,-1.42,-0.3668
GOOGL,Alphabet,2026-09-08,12:00,385.10,-2.09,-0.5392
GOOGL,Alphabet,2026-09-08,12:30,384.87,-2.31,-0.5979
GOOGL,Alphabet,2026-09-08,13:00,383.86,-3.33,-0.8596
GOOGL,Alphabet,2026-09-08,13:30,384.20,-2.98,-0.7706
GOOGL,Alphabet,2026-09-08,14:00,385.55,-1.64,-0.4226
GOOGL,Alphabet,2026-09-08,14:30,387.07,-0.12,-0.0300
GOOGL,Alphabet,2026-09-08,15:00,386.94,-0.24,-0.0623
GOOGL,Alphabet,2026-09-08,15:30,386.84,-0.35,-0.0896
GOOGL,Alphabet,2026-09-08,16:00,387.70,0.52,0.1342
AMZN,Amazon,2026-09-08,09:30,420.33,0.01,0.0034
AMZN,Amazon,2026-09-08,10:00,421.95,1.64,0.3894
AMZN,Amazon,2026-09-08,10:30,421.72,1.40,0.3330
AMZN,Amazon,2026-09-08,11:00,420.50,0.18,0.0434
AMZN,Amazon,2026-09-08,11:30,420.21,-0.11,-0.0262
AMZN,Amazon,2026-09-08,12:00,418.90,-1.42,-0.3372
AMZN,Amazon,2026-09-08,12:30,420.32,0.01,0.0017
AMZN,Amazon,2026-09-08,13:00,419.37,-0.95,-0.2255
AMZN,Amazon,2026-09-08,13:30,417.48,-2.84,-0.6756
AMZN,Amazon,2026-09-08,14:00,419.56,-0.76,-0.1802
AMZN,Amazon,2026-09-08,14:30,420.04,-0.28,-0.0667
AMZN,Amazon,2026-09-08,15:00,422.22,1.90,0.4522
AMZN,Amazon,2026-09-08,15:30,423.88,3.56,0.8468
AMZN,Amazon,2026-09-08,16:00,425.57,5.26,1.2509
MSFT,Microsoft,2026-09-09,09:30,89.86,-0.37,-0.4133
MSFT,Microsoft,2026-09-09,10:00,89.73,-0.50,-0.5561
MSFT,Microsoft,2026-09-09,10:30,89.32,-0.92,-1.0145
MSFT,Microsoft,2026-09-09,11:00,89.70,-0.54,-0.5951
MSFT,Microsoft,2026-09-09,11:30,89.89,-0.35,-0.3826
MSFT,Microsoft,2026-09-09,12:00,90.09,-0.15,-0.1607
MSFT,Microsoft,2026-09-09,12:30,90.49,0.26,0.2868
MSFT,Microsoft,2026-09-09,13:00,90.53,0.29,0.3247
MSFT,Microsoft,2026-09-09,13:30,90.27,0.04,0.0420
MSFT,Microsoft,2026-09-09,14:00,90.64,0.41,0.4559
MSFT,Microsoft,2026-09-09,14:30,91.15,0.92,1.0164
MSFT,Microsoft,2026-09-09,15:00,91.43,1.20,1.3276
MSFT,Microsoft,2026-09-09,15:30,91.43,1.20,1.3312
MSFT,Microsoft,2026-09-09,16:00,91.96,1.73,1.9162
META,Meta Platforms,2026-09-09,09:30,139.41,0.71,0.5096
META,Meta Platforms,2026-09-09,10:00,138.98,0.28,0.2010
META,Meta Platforms,2026-09-09,10:30,139.35,0.64,0.4638
META,Meta Platforms,2026-09-09,11:00,138.82,0.12,0.0858
META,Meta Platforms,2026-09-09,11:30,138.53,-0.17,-0.1257
META,Meta Platforms,2026-09-09,12:00,137.95,-0.75,-0.5405
META,Meta Platforms,2026-09-09,12:30,137.91,-0.80,-0.5732
META,Meta Platforms,2026-09-09,13:00,138.52,-0.19,-0.1363
META,Meta Platforms,2026-09-09,13:30,138.89,0.18,0.1324
META,Meta Platforms,2026-09-09,14:00,138.87,0.17,0.1200
META,Meta Platforms,2026-09-09,14:30,138.72,0.02,0.0137
META,Meta Platforms,2026-09-09,15:00,139.15,0.44,0.3194
META,Meta Platforms,2026-09-09,15:30,138.82,0.11,0.0817
META,Meta Platforms,2026-09-09,16:00,138.96,0.26,0.1867
TSLA,Tesla,2026-09-09,09:30,167.80,0.41,0.2435
TSLA,Tesla,2026-09-09,10:00,168.57,1.18,0.7025
TSLA,Tesla,2026-09-09,10:30,169.34,1.95,1.1623
TSLA,Tesla,2026-09-09,11:00,169.72,2.33,1.3926
TSLA,Tesla,2026-09-09,11:30,170.07,2.67,1.5972
TSLA,Tesla,2026-09-09,12:00,169.70,2.31,1.3794
TSLA,Tesla,2026-09-09,12:30,170.48,3.09,1.8432
TSLA,Tesla,2026-09-09,13:00,171.35,3.96,2.3663
TSLA,Tesla,2026-09-09,13:30,172.30,4.91,2.9336
TSLA,Tesla,2026-09-09,14:00,171.53,4.14,2.4741
TSLA,Tesla,2026-09-09,14:30,171.99,4.60,2.7469
TSLA,Tesla,2026-09-09,15:00,172.22,4.83,2.8868
TSLA,Tesla,2026-09-09,15:30,171.81,4.41,2.6363
TSLA,Tesla,2026-09-09,16:00,172.54,5.15,3.0781
JPM,JPMorgan Chase,2026-09-09,09:30,205.79,0.43,0.2079
JPM,JPMorgan Chase,2026-09-09,10:00,205.71,0.34,0.1666
JPM,JPMorgan Chase,2026-09-09,10:30,205.57,0.21,0.1004
JPM,JPMorgan Chase,2026-09-09,11:00,206.29,0.92,0.4494
JPM,JPMorgan Chase,2026-09-09,11:30,205.90,0.54,0.2608
JPM,JPMorgan Chase,2026-09-09,12:00,207.06,1.69,0.8245
JPM,JPMorgan Chase,2026-09-09,12:30,206.69,1.32,0.6437
JPM,JPMorgan Chase,2026-09-09,13:00,206.58,1.21,0.5899
JPM,JPMorgan Chase,2026-09-09,13:30,207.56,2.19,1.0678
JPM,JPMorgan Chase,2026-09-09,14:00,207.33,1.96,0.9550
JPM,JPMorgan Chase,2026-09-09,14:30,207.11,1.74,0.8492
JPM,JPMorgan Chase,2026-09-09,15:00,206.41,1.05,0.5108
JPM,JPMorgan Chase,2026-09-09,15:30,205.95,0.59,0.2858
JPM,JPMorgan Chase,2026-09-09,16:00,204.92,-0.44,-0.2163
NFLX,Netflix,2026-09-09,09:30,238.98,1.09,0.4581
NFLX,Netflix,2026-09-09,10:00,238.69,0.80,0.3342
NFLX,Netflix,2026-09-09,10:30,238.32,0.43,0.1788
NFLX,Netflix,2026-09-09,11:00,238.36,0.47,0.1990
NFLX,Netflix,2026-09-09,11:30,238.78,0.89,0.3741
NFLX,Netflix,2026-09-09,12:00,238.87,0.98,0.4124
NFLX,Netflix,2026-09-09,12:30,238.40,0.51,0.2125
NFLX,Netflix,2026-09-09,13:00,239.40,1.51,0.6339
NFLX,Netflix,2026-09-09,13:30,238.23,0.34,0.1431
NFLX,Netflix,2026-09-09,14:00,239.49,1.59,0.6702
NFLX,Netflix,2026-09-09,14:30,238.63,0.73,0.3087
NFLX,Netflix,2026-09-09,15:00,237.99,0.09,0.0397
NFLX,Netflix,2026-09-09,15:30,238.33,0.44,0.1832
NFLX,Netflix,2026-09-09,16:00,237.78,-0.11,-0.0468
DIS,Walt Disney,2026-09-09,09:30,285.90,-0.61,-0.2124
DIS,Walt Disney,2026-09-09,10:00,286.04,-0.47,-0.1639
DIS,Walt Disney,2026-09-09,10:30,284.57,-1.94,-0.6777
DIS,Walt Disney,2026-09-09,11:00,284.98,-1.53,-0.5346
DIS,Walt Disney,2026-09-09,11:30,285.40,-1.11,-0.3874
DIS,Walt Disney,2026-09-09,12:00,285.73,-0.78,-0.2718
DIS,Walt Disney,2026-09-09,12:30,286.70,0.19,0.0661
DIS,Walt Disney,2026-09-09,13:00,285.59,-0.93,-0.3233
DIS,Walt Disney,2026-09-09,13:30,286.77,0.25,0.0882
DIS,Walt Disney,2026-09-09,14:00,286.29,-0.23,-0.0792
DIS,Walt Disney,2026-09-09,14:30,287.21,0.70,0.2444
DIS,Walt Disney,2026-09-09,15:00,286.82,0.31,0.1084
DIS,Walt Disney,2026-09-09,15:30,285.77,-0.74,-0.2594
DIS,Walt Disney,2026-09-09,16:00,284.43,-2.09,-0.7284
AAPL,Apple,2026-09-09,09:30,321.93,-1.29,-0.3998
AAPL,Apple,2026-09-09,10:00,323.14,-0.08,-0.0245
AAPL,Apple,2026-09-09,10:30,322.90,-0.32,-0.0997
AAPL,Apple,2026-09-09,11:00,324.00,0.78,0.2418
AAPL,Apple,2026-09-09,11:30,325.76,2.54,0.7847
AAPL,Apple,2026-09-09,12:00,325.18,1.95,0.6047
AAPL,Apple,2026-09-09,12:30,325.07,1.85,0.5715
AAPL,Apple,2026-09-09,13:00,323.96,0.74,0.2281
AAPL,Apple,2026-09-09,13:30,325.07,1.84,0.5707
AAPL,Apple,2026-09-09,14:00,323.42,0.20,0.0608
AAPL,Apple,2026-09-09,14:30,323.82,0.59,0.1833
AAPL,Apple,2026-09-09,15:00,324.87,1.65,0.5109
AAPL,Apple,2026-09-09,15:30,323.65,0.43,0.1316
AAPL,Apple,2026-09-09,16:00,324.25,1.03,0.3188
NVDA,NVIDIA,2026-09-09,09:30,356.99,-0.52,-0.1467
NVDA,NVIDIA,2026-09-09,10:00,357.46,-0.05,-0.0129
NVDA,NVIDIA,2026-09-09,10:30,357.96,0.45,0.1257
NVDA,NVIDIA,2026-09-09,11:00,358.07,0.56,0.1556
NVDA,NVIDIA,2026-09-09,11:30,356.50,-1.01,-0.2829
NVDA,NVIDIA,2026-09-09,12:00,356.55,-0.96,-0.2682
NVDA,NVIDIA,2026-09-09,12:30,358.65,1.14,0.3180
NVDA,NVIDIA,2026-09-09,13:00,357.91,0.40,0.1125
NVDA,NVIDIA,2026-09-09,13:30,356.25,-1.26,-0.3534
NVDA,NVIDIA,2026-09-09,14:00,355.44,-2.07,-0.5799
NVDA,NVIDIA,2026-09-09,14:30,355.67,-1.84,-0.5143
NVDA,NVIDIA,2026-09-09,15:00,356.51,-1.01,-0.2813
NVDA,NVIDIA,2026-09-09,15:30,357.17,-0.34,-0.0961
NVDA,NVIDIA,2026-09-09,16:00,357.17,-0.34,-0.0961
GOOGL,Alphabet,2026-09-09,09:30,396.92,-1.02,-0.2552
GOOGL,Alphabet,2026-09-09,10:00,396.25,-1.69,-0.4247
GOOGL,Alphabet,2026-09-09,10:30,396.67,-1.27,-0.3199
GOOGL,Alphabet,2026-09-09,11:00,398.23,0.29,0.0722
GOOGL,Alphabet,2026-09-09,11:30,400.52,2.58,0.6472
GOOGL,Alphabet,2026-09-09,12:00,399.42,1.48,0.3721
GOOGL,Alphabet,2026-09-09,12:30,398.66,0.72,0.1802
GOOGL,Alphabet,2026-09-09,13:00,398.35,0.41,0.1037
GOOGL,Alphabet,2026-09-09,13:30,400.21,2.27,0.5704
GOOGL,Alphabet,2026-09-09,14:00,399.09,1.15,0.2885
GOOGL,Alphabet,2026-09-09,14:30,397.47,-0.47,-0.1172
GOOGL,Alphabet,2026-09-09,15:00,397.59,-0.35,-0.0871
GOOGL,Alphabet,2026-09-09,15:30,399.75,1.81,0.4551
GOOGL,Alphabet,2026-09-09,16:00,398.98,1.04,0.2602
AMZN,Amazon,2026-09-09,09:30,434.55,-2.17,-0.4961
AMZN,Amazon,2026-09-09,10:00,435.59,-1.12,-0.2567
AMZN,Amazon,2026-09-09,10:30,436.51,-0.21,-0.0479
AMZN,Amazon,2026-09-09,11:00,436.19,-0.53,-0.1206
AMZN,Amazon,2026-09-09,11:30,437.45,0.74,0.1692
AMZN,Amazon,2026-09-09,12:00,439.48,2.77,0.6338
AMZN,Amazon,2026-09-09,12:30,441.17,4.45,1.0191
AMZN,Amazon,2026-09-09,13:00,441.60,4.89,1.1186
AMZN,Amazon,2026-09-09,13:30,440.77,4.05,0.9277
AMZN,Amazon,2026-09-09,14:00,441.40,4.69,1.0738
AMZN,Amazon,2026-09-09,14:30,442.43,5.71,1.3078
AMZN,Amazon,2026-09-09,15:00,443.17,6.46,1.4787
AMZN,Amazon,2026-09-09,15:30,444.91,8.19,1.8763
AMZN,Amazon,2026-09-09,16:00,445.65,8.93,2.0453
MSFT,Microsoft,2026-09-10,09:30,99.59,-0.49,-0.4880
MSFT,Microsoft,2026-09-10,10:00,99.71,-0.37,-0.3659
MSFT,Microsoft,2026-09-10,10:30,99.61,-0.47,-0.4678
MSFT,Microsoft,2026-09-10,11:00,99.24,-0.84,-0.8401
MSFT,Microsoft,2026-09-10,11:30,99.54,-0.54,-0.5396
MSFT,Microsoft,2026-09-10,12:00,99.91,-0.16,-0.1633
MSFT,Microsoft,2026-09-10,12:30,99.81,-0.27,-0.2675
MSFT,Microsoft,2026-09-10,13:00,99.54,-0.54,-0.5424
MSFT,Microsoft,2026-09-10,13:30,99.32,-0.76,-0.7622
MSFT,Microsoft,2026-09-10,14:00,99.87,-0.20,-0.2039
MSFT,Microsoft,2026-09-10,14:30,99.43,-0.65,-0.6515
MSFT,Microsoft,2026-09-10,15:00,99.81,-0.27,-0.2687
MSFT,Microsoft,2026-09-10,15:30,99.46,-0.62,-0.6182
MSFT,Microsoft,2026-09-10,16:00,99.94,-0.13,-0.1329
META,Meta Platforms,2026-09-10,09:30,124.74,-0.09,-0.0705
META,Meta Platforms,2026-09-10,10:00,124.92,0.09,0.0740
META,Meta Platforms,2026-09-10,10:30,124.37,-0.46,-0.3647
META,Meta Platforms,2026-09-10,11:00,124.35,-0.48,-0.3821
META,Meta Platforms,2026-09-10,11:30,124.16,-0.66,-0.5320
META,Meta Platforms,2026-09-10,12:00,124.69,-0.14,-0.1126
META,Meta Platforms,2026-09-10,12:30,124.21,-0.61,-0.4909
META,Meta Platforms,2026-09-10,13:00,124.10,-0.73,-0.5822
META,Meta Platforms,2026-09-10,13:30,124.52,-0.31,-0.2464
META,Meta Platforms,2026-09-10,14:00,124.45,-0.38,-0.3046
META,Meta Platforms,2026-09-10,14:30,125.00,0.18,0.1417
META,Meta Platforms,2026-09-10,15:00,124.83,0.00,0.0022
META,Meta Platforms,2026-09-10,15:30,124.60,-0.23,-0.1859
META,Meta Platforms,2026-09-10,16:00,124.95,0.12,0.0966
TSLA,Tesla,2026-09-10,09:30,172.59,-0.55,-0.3201
TSLA,Tesla,2026-09-10,10:00,172.11,-1.04,-0.6018
TSLA,Tesla,2026-09-10,10:30,172.75,-0.40,-0.2326
TSLA,Tesla,2026-09-10,11:00,173.14,-0.01,-0.0050
TSLA,Tesla,2026-09-10,11:30,173.81,0.66,0.3803
TSLA,Tesla,2026-09-10,12:00,174.20,1.05,0.6049
TSLA,Tesla,2026-09-10,12:30,174.64,1.49,0.8630
TSLA,Tesla,2026-09-10,13:00,174.19,1.04,0.6008
TSLA,Tesla,2026-09-10,13:30,175.13,1.99,1.1471
TSLA,Tesla,2026-09-10,14:00,174.38,1.24,0.7138
TSLA,Tesla,2026-09-10,14:30,175.22,2.07,1.1965
TSLA,Tesla,2026-09-10,15:00,176.22,3.07,1.7716
TSLA,Tesla,2026-09-10,15:30,177.04,3.89,2.2458
TSLA,Tesla,2026-09-10,16:00,176.67,3.52,2.0312
JPM,JPMorgan Chase,2026-09-10,09:30,209.00,0.32,0.1539
JPM,JPMorgan Chase,2026-09-10,10:00,209.04,0.36,0.1739
JPM,JPMorgan Chase,2026-09-10,10:30,208.67,-0.01,-0.0025
JPM,JPMorgan Chase,2026-09-10,11:00,207.95,-0.73,-0.3475
JPM,JPMorgan Chase,2026-09-10,11:30,208.23,-0.44,-0.2130
JPM,JPMorgan Chase,2026-09-10,12:00,207.71,-0.97,-0.4636
JPM,JPMorgan Chase,2026-09-10,12:30,208.70,0.02,0.0120
JPM,JPMorgan Chase,2026-09-10,13:00,208.17,-0.51,-0.2441
JPM,JPMorgan Chase,2026-09-10,13:30,207.47,-1.21,-0.5776
JPM,JPMorgan Chase,2026-09-10,14:00,208.30,-0.37,-0.1796
JPM,JPMorgan Chase,2026-09-10,14:30,207.32,-1.36,-0.6510
JPM,JPMorgan Chase,2026-09-10,15:00,208.10,-0.58,-0.2773
JPM,JPMorgan Chase,2026-09-10,15:30,208.06,-0.62,-0.2968
JPM,JPMorgan Chase,2026-09-10,16:00,209.09,0.42,0.2003
NFLX,Netflix,2026-09-10,09:30,240.66,0.10,0.0421
NFLX,Netflix,2026-09-10,10:00,241.25,0.69,0.2874
NFLX,Netflix,2026-09-10,10:30,240.82,0.27,0.1105
NFLX,Netflix,2026-09-10,11:00,240.91,0.35,0.1465
NFLX,Netflix,2026-09-10,11:30,240.04,-0.52,-0.2152
NFLX,Netflix,2026-09-10,12:00,241.42,0.87,0.3601
NFLX,Netflix,2026-09-10,12:30,240.52,-0.03,-0.0139
NFLX,Netflix,2026-09-10,13:00,241.11,0.55,0.2296
NFLX,Netflix,2026-09-10,13:30,240.72,0.17,0.0688
NFLX,Netflix,2026-09-10,14:00,239.63,-0.93,-0.3856
NFLX,Netflix,2026-09-10,14:30,240.51,-0.05,-0.0206
NFLX,Netflix,2026-09-10,15:00,241.86,1.31,0.5431
NFLX,Netflix,2026-09-10,15:30,241.90,1.34,0.5590
NFLX,Netflix,2026-09-10,16:00,243.13,2.57,1.0704
DIS,Walt Disney,2026-09-10,09:30,284.72,1.51,0.5338
DIS,Walt Disney,2026-09-10,10:00,284.13,0.92,0.3236
DIS,Walt Disney,2026-09-10,10:30,285.20,1.99,0.7016
DIS,Walt Disney,2026-09-10,11:00,286.33,3.12,1.1012
DIS,Walt Disney,2026-09-10,11:30,285.45,2.24,0.7912
DIS,Walt Disney,2026-09-10,12:00,286.74,3.53,1.2454
DIS,Walt Disney,2026-09-10,12:30,288.01,4.79,1.6922
DIS,Walt Disney,2026-09-10,13:00,287.72,4.51,1.5924
DIS,Walt Disney,2026-09-10,13:30,288.52,5.31,1.8750
DIS,Walt Disney,2026-09-10,14:00,289.84,6.62,2.3387
DIS,Walt Disney,2026-09-10,14:30,291.04,7.82,2.7621
DIS,Walt Disney,2026-09-10,15:00,290.58,7.37,2.6028
DIS,Walt Disney,2026-09-10,15:30,290.51,7.30,2.5761
DIS,Walt Disney,2026-09-10,16:00,291.99,8.77,3.0975
AAPL,Apple,2026-09-10,09:30,310.66,1.74,0.5641
AAPL,Apple,2026-09-10,10:00,309.57,0.65,0.2107
AAPL,Apple,2026-09-10,10:30,310.10,1.18,0.3836
AAPL,Apple,2026-09-10,11:00,308.60,-0.31,-0.1012
AAPL,Apple,2026-09-10,11:30,307.19,-1.73,-0.5596
AAPL,Apple,2026-09-10,12:00,306.34,-2.58,-0.8353
AAPL,Apple,2026-09-10,12:30,305.90,-3.02,-0.9769
AAPL,Apple,2026-09-10,13:00,305.71,-3.20,-1.0373
AAPL,Apple,2026-09-10,13:30,307.08,-1.83,-0.5939
AAPL,Apple,2026-09-10,14:00,308.29,-0.63,-0.2030
AAPL,Apple,2026-09-10,14:30,309.14,0.22,0.0711
AAPL,Apple,2026-09-10,15:00,309.37,0.46,0.1480
AAPL,Apple,2026-09-10,15:30,310.90,1.98,0.6413
AAPL,Apple,2026-09-10,16:00,310.08,1.16,0.3759
NVDA,NVIDIA,2026-09-10,09:30,345.93,1.91,0.5551
NVDA,NVIDIA,2026-09-10,10:00,347.47,3.45,1.0028
NVDA,NVIDIA,2026-09-10,10:30,346.73,2.71,0.7880
NVDA,NVIDIA,2026-09-10,11:00,346.11,2.10,0.6093
NVDA,NVIDIA,2026-09-10,11:30,347.93,3.92,1.1390
NVDA,NVIDIA,2026-09-10,12:00,349.19,5.17,1.5042
NVDA,NVIDIA,2026-09-10,12:30,347.69,3.68,1.0687
NVDA,NVIDIA,2026-09-10,13:00,348.64,4.62,1.3426
NVDA,NVIDIA,2026-09-10,13:30,348.12,4.10,1.1931
NVDA,NVIDIA,2026-09-10,14:00,346.78,2.76,0.8033
NVDA,NVIDIA,2026-09-10,14:30,347.47,3.46,1.0045
NVDA,NVIDIA,2026-09-10,15:00,347.88,3.86,1.1216
NVDA,NVIDIA,2026-09-10,15:30,348.66,4.65,1.3511
NVDA,NVIDIA,2026-09-10,16:00,349.49,5.47,1.5907
GOOGL,Alphabet,2026-09-10,09:30,402.45,2.17,0.5414
GOOGL,Alphabet,2026-09-10,10:00,402.08,1.80,0.4485
GOOGL,Alphabet,2026-09-10,10:30,401.60,1.31,0.3276
GOOGL,Alphabet,2026-09-10,11:00,403.42,3.13,0.7821
GOOGL,Alphabet,2026-09-10,11:30,401.41,1.12,0.2793
GOOGL,Alphabet,2026-09-10,12:00,400.41,0.12,0.0298
GOOGL,Alphabet,2026-09-10,12:30,398.49,-1.80,-0.4499
GOOGL,Alphabet,2026-09-10,13:00,396.87,-3.42,-0.8541
GOOGL,Alphabet,2026-09-10,13:30,395.76,-4.53,-1.1315
GOOGL,Alphabet,2026-09-10,14:00,396.56,-3.73,-0.9308
GOOGL,Alphabet,2026-09-10,14:30,396.83,-3.45,-0.8631
GOOGL,Alphabet,2026-09-10,15:00,396.41,-3.88,-0.9695
GOOGL,Alphabet,2026-09-10,15:30,397.97,-2.32,-0.5796
GOOGL,Alphabet,2026-09-10,16:00,397.04,-3.24,-0.8103
AMZN,Amazon,2026-09-10,09:30,435.87,2.13,0.4907
AMZN,Amazon,2026-09-10,10:00,437.39,3.64,0.8403
AMZN,Amazon,2026-09-10,10:30,436.24,2.50,0.5755
AMZN,Amazon,2026-09-10,11:00,435.19,1.45,0.3349
AMZN,Amazon,2026-09-10,11:30,433.78,0.04,0.0085
AMZN,Amazon,2026-09-10,12:00,432.01,-1.74,-0.4002
AMZN,Amazon,2026-09-10,12:30,431.06,-2.68,-0.6183
AMZN,Amazon,2026-09-10,13:00,430.83,-2.91,-0.6716
AMZN,Amazon,2026-09-10,13:30,433.28,-0.46,-0.1057
AMZN,Amazon,2026-09-10,14:00,431.36,-2.38,-0.5483
AMZN,Amazon,2026-09-10,14:30,431.35,-2.39,-0.5505
AMZN,Amazon,2026-09-10,15:00,432.80,-0.94,-0.2173
AMZN,Amazon,2026-09-10,15:30,435.05,1.31,0.3014
AMZN,Amazon,2026-09-10,16:00,434.65,0.90,0.2085
MSFT,Microsoft,2026-09-11,09:30,102.43,-0.52,-0.5091
MSFT,Microsoft,2026-09-11,10:00,102.40,-0.56,-0.5435
MSFT,Microsoft,2026-09-11,10:30,102.84,-0.12,-0.1149
MSFT,Microsoft,2026-09-11,11:00,103.32,0.36,0.3512
MSFT,Microsoft,2026-09-11,11:30,103.09,0.14,0.1360
MSFT,Microsoft,2026-09-11,12:00,102.87,-0.09,-0.0835
MSFT,Microsoft,2026-09-11,12:30,103.19,0.24,0.2298
MSFT,Microsoft,2026-09-11,13:00,103.57,0.62,0.6019
MSFT,Microsoft,2026-09-11,13:30,103.21,0.26,0.2503
MSFT,Microsoft,2026-09-11,14:00,102.98,0.03,0.0252
MSFT,Microsoft,2026-09-11,14:30,103.57,0.62,0.6012
MSFT,Microsoft,2026-09-11,15:00,103.29,0.33,0.3226
MSFT,Microsoft,2026-09-11,15:30,103.68,0.72,0.7000
MSFT,Microsoft,2026-09-11,16:00,103.51,0.56,0.5424
META,Meta Platforms,2026-09-11,09:30,128.51,-0.02,-0.0147
META,Meta Platforms,2026-09-11,10:00,128.07,-0.47,-0.3620
META,Meta Platforms,2026-09-11,10:30,128.28,-0.25,-0.1973
META,Meta Platforms,2026-09-11,11:00,128.22,-0.31,-0.2426
META,Meta Platforms,2026-09-11,11:30,128.12,-0.41,-0.3223
META,Meta Platforms,2026-09-11,12:00,127.59,-0.94,-0.7345
META,Meta Platforms,2026-09-11,12:30,127.79,-0.74,-0.5790
META,Meta Platforms,2026-09-11,13:00,127.34,-1.19,-0.9260
META,Meta Platforms,2026-09-11,13:30,127.73,-0.80,-0.6230
META,Meta Platforms,2026-09-11,14:00,128.44,-0.09,-0.0730
META,Meta Platforms,2026-09-11,14:30,128.11,-0.42,-0.3278
META,Meta Platforms,2026-09-11,15:00,128.51,-0.02,-0.0144
META,Meta Platforms,2026-09-11,15:30,129.13,0.59,0.4612
META,Meta Platforms,2026-09-11,16:00,128.52,-0.02,-0.0130
TSLA,Tesla,2026-09-11,09:30,167.09,0.33,0.1964
TSLA,Tesla,2026-09-11,10:00,167.85,1.08,0.6475
TSLA,Tesla,2026-09-11,10:30,168.22,1.46,0.8726
TSLA,Tesla,2026-09-11,11:00,168.29,1.52,0.9114
TSLA,Tesla,2026-09-11,11:30,168.17,1.40,0.8398
TSLA,Tesla,2026-09-11,12:00,168.89,2.12,1.2702
TSLA,Tesla,2026-09-11,12:30,169.37,2.60,1.5592
TSLA,Tesla,2026-09-11,13:00,168.96,2.20,1.3180
TSLA,Tesla,2026-09-11,13:30,168.19,1.43,0.8551
TSLA,Tesla,2026-09-11,14:00,167.60,0.83,0.4999
TSLA,Tesla,2026-09-11,14:30,167.75,0.99,0.5914
TSLA,Tesla,2026-09-11,15:00,168.19,1.42,0.8519
TSLA,Tesla,2026-09-11,15:30,167.98,1.21,0.7245
TSLA,Tesla,2026-09-11,16:00,168.45,1.69,1.0107
JPM,JPMorgan Chase,2026-09-11,09:30,198.35,0.41,0.2091
JPM,JPMorgan Chase,2026-09-11,10:00,199.01,1.07,0.5424
JPM,JPMorgan Chase,2026-09-11,10:30,199.17,1.23,0.6206
JPM,JPMorgan Chase,2026-09-11,11:00,198.20,0.26,0.1320
JPM,JPMorgan Chase,2026-09-11,11:30,198.41,0.47,0.2378
JPM,JPMorgan Chase,2026-09-11,12:00,199.50,1.57,0.7919
JPM,JPMorgan Chase,2026-09-11,12:30,199.62,1.68,0.8497
JPM,JPMorgan Chase,2026-09-11,13:00,200.33,2.39,1.2095
JPM,JPMorgan Chase,2026-09-11,13:30,200.27,2.33,1.1783
JPM,JPMorgan Chase,2026-09-11,14:00,199.85,1.92,0.9685
JPM,JPMorgan Chase,2026-09-11,14:30,199.05,1.11,0.5622
JPM,JPMorgan Chase,2026-09-11,15:00,198.04,0.10,0.0517
JPM,JPMorgan Chase,2026-09-11,15:30,197.40,-0.53,-0.2696
JPM,JPMorgan Chase,2026-09-11,16:00,196.81,-1.12,-0.5681
NFLX,Netflix,2026-09-11,09:30,250.25,0.63,0.2514
NFLX,Netflix,2026-09-11,10:00,251.07,1.45,0.5798
NFLX,Netflix,2026-09-11,10:30,250.35,0.72,0.2902
NFLX,Netflix,2026-09-11,11:00,251.19,1.56,0.6268
NFLX,Netflix,2026-09-11,11:30,250.97,1.35,0.5414
NFLX,Netflix,2026-09-11,12:00,251.83,2.21,0.8850
NFLX,Netflix,2026-09-11,12:30,251.88,2.26,0.9035
NFLX,Netflix,2026-09-11,13:00,251.03,1.41,0.5645
NFLX,Netflix,2026-09-11,13:30,250.25,0.63,0.2533
NFLX,Netflix,2026-09-11,14:00,251.47,1.85,0.7425
NFLX,Netflix,2026-09-11,14:30,252.08,2.46,0.9842
NFLX,Netflix,2026-09-11,15:00,253.38,3.76,1.5046
NFLX,Netflix,2026-09-11,15:30,254.38,4.76,1.9061
NFLX,Netflix,2026-09-11,16:00,253.15,3.53,1.4125
DIS,Walt Disney,2026-09-11,09:30,287.11,-0.29,-0.1021
DIS,Walt Disney,2026-09-11,10:00,286.33,-1.07,-0.3734
DIS,Walt Disney,2026-09-11,10:30,287.50,0.09,0.0308
DIS,Walt Disney,2026-09-11,11:00,289.02,1.61,0.5611
DIS,Walt Disney,2026-09-11,11:30,290.43,3.02,1.0505
DIS,Walt Disney,2026-09-11,12:00,292.04,4.63,1.6114
DIS,Walt Disney,2026-09-11,12:30,293.37,5.97,2.0763
DIS,Walt Disney,2026-09-11,13:00,292.73,5.33,1.8528
DIS,Walt Disney,2026-09-11,13:30,291.60,4.19,1.4594
DIS,Walt Disney,2026-09-11,14:00,292.14,4.74,1.6477
DIS,Walt Disney,2026-09-11,14:30,292.32,4.92,1.7108
DIS,Walt Disney,2026-09-11,15:00,290.98,3.57,1.2424
DIS,Walt Disney,2026-09-11,15:30,290.32,2.91,1.0141
DIS,Walt Disney,2026-09-11,16:00,291.35,3.95,1.3735
AAPL,Apple,2026-09-11,09:30,328.37,1.81,0.5550
AAPL,Apple,2026-09-11,10:00,329.12,2.56,0.7850
AAPL,Apple,2026-09-11,10:30,328.79,2.23,0.6833
AAPL,Apple,2026-09-11,11:00,328.71,2.15,0.6594
AAPL,Apple,2026-09-11,11:30,330.54,3.98,1.2187
AAPL,Apple,2026-09-11,12:00,330.57,4.01,1.2292
AAPL,Apple,2026-09-11,12:30,331.38,4.82,1.4757
AAPL,Apple,2026-09-11,13:00,330.73,4.17,1.2779
AAPL,Apple,2026-09-11,13:30,331.32,4.76,1.4584
AAPL,Apple,2026-09-11,14:00,331.66,5.10,1.5610
AAPL,Apple,2026-09-11,14:30,331.98,5.43,1.6618
AAPL,Apple,2026-09-11,15:00,332.82,6.26,1.9176
AAPL,Apple,2026-09-11,15:30,332.76,6.20,1.8999
AAPL,Apple,2026-09-11,16:00,332.76,6.21,1.9007
NVDA,NVIDIA,2026-09-11,09:30,354.04,0.18,0.0510
NVDA,NVIDIA,2026-09-11,10:00,354.26,0.40,0.1120
NVDA,NVIDIA,2026-09-11,10:30,355.39,1.53,0.4332
NVDA,NVIDIA,2026-09-11,11:00,355.33,1.47,0.4149
NVDA,NVIDIA,2026-09-11,11:30,355.94,2.08,0.5878
NVDA,NVIDIA,2026-09-11,12:00,356.21,2.34,0.6626
NVDA,NVIDIA,2026-09-11,12:30,358.26,4.40,1.2430
NVDA,NVIDIA,2026-09-11,13:00,358.75,4.89,1.3830
NVDA,NVIDIA,2026-09-11,13:30,357.61,3.75,1.0601
NVDA,NVIDIA,2026-09-11,14:00,358.65,4.79,1.3535
NVDA,NVIDIA,2026-09-11,14:30,358.80,4.94,1.3957
NVDA,NVIDIA,2026-09-11,15:00,360.53,6.67,1.8859
NVDA,NVIDIA,2026-09-11,15:30,358.87,5.01,1.4145
NVDA,NVIDIA,2026-09-11,16:00,358.98,5.12,1.4469
GOOGL,Alphabet,2026-09-11,09:30,400.32,1.35,0.3384
GOOGL,Alphabet,2026-09-11,10:00,401.70,2.73,0.6849
GOOGL,Alphabet,2026-09-11,10:30,401.64,2.67,0.6696
GOOGL,Alphabet,2026-09-11,11:00,403.74,4.77,1.1949
GOOGL,Alphabet,2026-09-11,11:30,405.08,6.10,1.5301
GOOGL,Alphabet,2026-09-11,12:00,404.52,5.55,1.3903
GOOGL,Alphabet,2026-09-11,12:30,405.14,6.17,1.5468
GOOGL,Alphabet,2026-09-11,13:00,406.57,7.60,1.9037
GOOGL,Alphabet,2026-09-11,13:30,406.68,7.71,1.9328
GOOGL,Alphabet,2026-09-11,14:00,405.47,6.50,1.6285
GOOGL,Alphabet,2026-09-11,14:30,406.98,8.01,2.0087
GOOGL,Alphabet,2026-09-11,15:00,405.14,6.17,1.5466
GOOGL,Alphabet,2026-09-11,15:30,404.41,5.44,1.3634
GOOGL,Alphabet,2026-09-11,16:00,406.50,7.53,1.8878
AMZN,Amazon,2026-09-11,09:30,419.82,0.17,0.0397
AMZN,Amazon,2026-09-11,10:00,420.88,1.23,0.2924
AMZN,Amazon,2026-09-11,10:30,420.02,0.37,0.0881
AMZN,Amazon,2026-09-11,11:00,420.69,1.04,0.2474
AMZN,Amazon,2026-09-11,11:30,422.40,2.75,0.6547
AMZN,Amazon,2026-09-11,12:00,423.54,3.89,0.9262
AMZN,Amazon,2026-09-11,12:30,421.87,2.21,0.5274
AMZN,Amazon,2026-09-11,13:00,424.27,4.62,1.1005
AMZN,Amazon,2026-09-11,13:30,424.60,4.94,1.1783
AMZN,Amazon,2026-09-11,14:00,424.18,4.52,1.0781
AMZN,Amazon,2026-09-11,14:30,423.76,4.11,0.9786
AMZN,Amazon,2026-09-11,15:00,422.27,2.62,0.6243
AMZN,Amazon,2026-09-11,15:30,421.72,2.06,0.4921
AMZN,Amazon,2026-09-11,16:00,420.16,0.51,0.1209
MSFT,Microsoft,2026-09-14,09:30,87.57,-0.42,-0.4764
MSFT,Microsoft,2026-09-14,10:00,87.41,-0.58,-0.6562
MSFT,Microsoft,2026-09-14,10:30,87.46,-0.53,-0.6012
MSFT,Microsoft,2026-09-14,11:00,87.09,-0.90,-1.0194
MSFT,Microsoft,2026-09-14,11:30,87.48,-0.50,-0.5721
MSFT,Microsoft,2026-09-14,12:00,87.38,-0.60,-0.6849
MSFT,Microsoft,2026-09-14,12:30,87.83,-0.16,-0.1818
MSFT,Microsoft,2026-09-14,13:00,87.41,-0.57,-0.6529
MSFT,Microsoft,2026-09-14,13:30,87.55,-0.43,-0.4935
MSFT,Microsoft,2026-09-14,14:00,87.88,-0.11,-0.1244
MSFT,Microsoft,2026-09-14,14:30,87.49,-0.49,-0.5593
MSFT,Microsoft,2026-09-14,15:00,87.71,-0.28,-0.3151
MSFT,Microsoft,2026-09-14,15:30,87.70,-0.29,-0.3248
MSFT,Microsoft,2026-09-14,16:00,87.93,-0.06,-0.0695
META,Meta Platforms,2026-09-14,09:30,140.73,0.07,0.0531
META,Meta Platforms,2026-09-14,10:00,140.40,-0.26,-0.1830
META,Meta Platforms,2026-09-14,10:30,139.95,-0.70,-0.4994
META,Meta Platforms,2026-09-14,11:00,139.49,-1.16,-0.8269
META,Meta Platforms,2026-09-14,11:30,140.11,-0.55,-0.3882
META,Meta Platforms,2026-09-14,12:00,140.67,0.01,0.0101
META,Meta Platforms,2026-09-14,12:30,140.29,-0.36,-0.2557
META,Meta Platforms,2026-09-14,13:00,139.72,-0.93,-0.6647
META,Meta Platforms,2026-09-14,13:30,140.53,-0.12,-0.0852
META,Meta Platforms,2026-09-14,14:00,140.78,0.13,0.0924
META,Meta Platforms,2026-09-14,14:30,140.35,-0.30,-0.2167
META,Meta Platforms,2026-09-14,15:00,140.66,0.01,0.0078
META,Meta Platforms,2026-09-14,15:30,141.10,0.44,0.3164
META,Meta Platforms,2026-09-14,16:00,141.84,1.19,0.8454
TSLA,Tesla,2026-09-14,09:30,169.98,0.44,0.2615
TSLA,Tesla,2026-09-14,10:00,170.44,0.90,0.5327
TSLA,Tesla,2026-09-14,10:30,170.89,1.36,0.7998
TSLA,Tesla,2026-09-14,11:00,171.02,1.49,0.8770
TSLA,Tesla,2026-09-14,11:30,171.55,2.01,1.1855
TSLA,Tesla,2026-09-14,12:00,171.39,1.86,1.0943
TSLA,Tesla,2026-09-14,12:30,171.44,1.90,1.1196
TSLA,Tesla,2026-09-14,13:00,171.18,1.65,0.9708
TSLA,Tesla,2026-09-14,13:30,172.04,2.50,1.4772
TSLA,Tesla,2026-09-14,14:00,171.57,2.03,1.1999
TSLA,Tesla,2026-09-14,14:30,171.69,2.16,1.2725
TSLA,Tesla,2026-09-14,15:00,172.01,2.48,1.4602
TSLA,Tesla,2026-09-14,15:30,171.45,1.92,1.1300
TSLA,Tesla,2026-09-14,16:00,170.93,1.39,0.8187
JPM,JPMorgan Chase,2026-09-14,09:30,212.13,-0.02,-0.0111
JPM,JPMorgan Chase,2026-09-14,10:00,212.50,0.36,0.1677
JPM,JPMorgan Chase,2026-09-14,10:30,213.46,1.32,0.6199
JPM,JPMorgan Chase,2026-09-14,11:00,214.62,2.47,1.1636
JPM,JPMorgan Chase,2026-09-14,11:30,214.19,2.05,0.9642
JPM,JPMorgan Chase,2026-09-14,12:00,214.17,2.02,0.9530
JPM,JPMorgan Chase,2026-09-14,12:30,215.23,3.08,1.4535
JPM,JPMorgan Chase,2026-09-14,13:00,215.60,3.45,1.6268
JPM,JPMorgan Chase,2026-09-14,13:30,216.24,4.09,1.9271
JPM,JPMorgan Chase,2026-09-14,14:00,216.61,4.46,2.1029
JPM,JPMorgan Chase,2026-09-14,14:30,215.71,3.56,1.6775
JPM,JPMorgan Chase,2026-09-14,15:00,214.84,2.69,1.2671
JPM,JPMorgan Chase,2026-09-14,15:30,214.32,2.17,1.0251
JPM,JPMorgan Chase,2026-09-14,16:00,215.48,3.34,1.5721
NFLX,Netflix,2026-09-14,09:30,237.67,0.11,0.0460
NFLX,Netflix,2026-09-14,10:00,236.91,-0.65,-0.2755
NFLX,Netflix,2026-09-14,10:30,237.29,-0.28,-0.1169
NFLX,Netflix,2026-09-14,11:00,237.41,-0.15,-0.0642
NFLX,Netflix,2026-09-14,11:30,237.68,0.12,0.0499
NFLX,Netflix,2026-09-14,12:00,238.39,0.83,0.3488
NFLX,Netflix,2026-09-14,12:30,238.93,1.36,0.5745
NFLX,Netflix,2026-09-14,13:00,237.70,0.13,0.0567
NFLX,Netflix,2026-09-14,13:30,236.70,-0.87,-0.3661
NFLX,Netflix,2026-09-14,14:00,236.77,-0.80,-0.3353
NFLX,Netflix,2026-09-14,14:30,237.37,-0.20,-0.0828
NFLX,Netflix,2026-09-14,15:00,236.94,-0.63,-0.2643
NFLX,Netflix,2026-09-14,15:30,236.98,-0.58,-0.2448
NFLX,Netflix,2026-09-14,16:00,236.56,-1.01,-0.4251
DIS,Walt Disney,2026-09-14,09:30,279.24,1.05,0.3782
DIS,Walt Disney,2026-09-14,10:00,278.92,0.73,0.2623
DIS,Walt Disney,2026-09-14,10:30,278.96,0.77,0.2783
DIS,Walt Disney,2026-09-14,11:00,278.22,0.03,0.0105
DIS,Walt Disney,2026-09-14,11:30,277.40,-0.78,-0.2814
DIS,Walt Disney,2026-09-14,12:00,276.01,-2.18,-0.7837
DIS,Walt Disney,2026-09-14,12:30,276.83,-1.36,-0.4879
DIS,Walt Disney,2026-09-14,13:00,276.49,-1.70,-0.6114
DIS,Walt Disney,2026-09-14,13:30,275.73,-2.46,-0.8842
DIS,Walt Disney,2026-09-14,14:00,276.74,-1.45,-0.5213
DIS,Walt Disney,2026-09-14,14:30,275.54,-2.65,-0.9519
DIS,Walt Disney,2026-09-14,15:00,274.70,-3.49,-1.2545
DIS,Walt Disney,2026-09-14,15:30,273.76,-4.43,-1.5929
DIS,Walt Disney,2026-09-14,16:00,275.25,-2.94,-1.0570
AAPL,Apple,2026-09-14,09:30,321.87,-0.28,-0.0858
AAPL,Apple,2026-09-14,10:00,320.21,-1.93,-0.6005
AAPL,Apple,2026-09-14,10:30,321.87,-0.28,-0.0873
AAPL,Apple,2026-09-14,11:00,320.42,-1.72,-0.5355
AAPL,Apple,2026-09-14,11:30,320.73,-1.42,-0.4408
AAPL,Apple,2026-09-14,12:00,321.01,-1.14,-0.3532
AAPL,Apple,2026-09-14,12:30,320.92,-1.23,-0.3826
AAPL,Apple,2026-09-14,13:00,321.96,-0.19,-0.0579
AAPL,Apple,2026-09-14,13:30,322.47,0.32,0.1000
AAPL,Apple,2026-09-14,14:00,321.71,-0.44,-0.1360
AAPL,Apple,2026-09-14,14:30,322.55,0.40,0.1253
AAPL,Apple,2026-09-14,15:00,323.24,1.09,0.3385
AAPL,Apple,2026-09-14,15:30,322.24,0.09,0.0288
AAPL,Apple,2026-09-14,16:00,321.89,-0.26,-0.0814
NVDA,NVIDIA,2026-09-14,09:30,364.24,1.84,0.5078
NVDA,NVIDIA,2026-09-14,10:00,366.05,3.65,1.0065
NVDA,NVIDIA,2026-09-14,10:30,364.18,1.78,0.4901
NVDA,NVIDIA,2026-09-14,11:00,365.34,2.93,0.8088
NVDA,NVIDIA,2026-09-14,11:30,365.58,3.18,0.8767
NVDA,NVIDIA,2026-09-14,12:00,365.16,2.76,0.7615
NVDA,NVIDIA,2026-09-14,12:30,367.07,4.66,1.2863
NVDA,NVIDIA,2026-09-14,13:00,369.06,6.66,1.8372
NVDA,NVIDIA,2026-09-14,13:30,368.33,5.92,1.6342
NVDA,NVIDIA,2026-09-14,14:00,369.05,6.65,1.8346
NVDA,NVIDIA,2026-09-14,14:30,371.09,8.69,2.3966
NVDA,NVIDIA,2026-09-14,15:00,370.68,8.28,2.2844
NVDA,NVIDIA,2026-09-14,15:30,372.65,10.24,2.8260
NVDA,NVIDIA,2026-09-14,16:00,374.28,11.88,3.2781
GOOGL,Alphabet,2026-09-14,09:30,399.16,0.31,0.0767
GOOGL,Alphabet,2026-09-14,10:00,400.40,1.54,0.3873
GOOGL,Alphabet,2026-09-14,10:30,400.89,2.03,0.5097
GOOGL,Alphabet,2026-09-14,11:00,400.20,1.35,0.3381
GOOGL,Alphabet,2026-09-14,11:30,402.03,3.17,0.7958
GOOGL,Alphabet,2026-09-14,12:00,400.47,1.61,0.4046
GOOGL,Alphabet,2026-09-14,12:30,399.37,0.51,0.1290
GOOGL,Alphabet,2026-09-14,13:00,399.98,1.12,0.2815
GOOGL,Alphabet,2026-09-14,13:30,401.53,2.67,0.6702
GOOGL,Alphabet,2026-09-14,14:00,399.61,0.76,0.1894
GOOGL,Alphabet,2026-09-14,14:30,401.08,2.23,0.5585
GOOGL,Alphabet,2026-09-14,15:00,402.60,3.75,0.9399
GOOGL,Alphabet,2026-09-14,15:30,403.21,4.36,1.0927
GOOGL,Alphabet,2026-09-14,16:00,405.35,6.50,1.6293
AMZN,Amazon,2026-09-14,09:30,431.23,-0.79,-0.1823
AMZN,Amazon,2026-09-14,10:00,431.94,-0.08,-0.0195
AMZN,Amazon,2026-09-14,10:30,430.26,-1.76,-0.4077
AMZN,Amazon,2026-09-14,11:00,429.28,-2.74,-0.6346
AMZN,Amazon,2026-09-14,11:30,429.71,-2.32,-0.5360
AMZN,Amazon,2026-09-14,12:00,430.95,-1.07,-0.2477
AMZN,Amazon,2026-09-14,12:30,431.93,-0.10,-0.0223
AMZN,Amazon,2026-09-14,13:00,434.11,2.08,0.4823
AMZN,Amazon,2026-09-14,13:30,434.01,1.99,0.4607
AMZN,Amazon,2026-09-14,14:00,432.03,0.01,0.0021
AMZN,Amazon,2026-09-14,14:30,432.48,0.46,0.1058
AMZN,Amazon,2026-09-14,15:00,430.43,-1.59,-0.3676
AMZN,Amazon,2026-09-14,15:30,429.21,-2.82,-0.6516
AMZN,Amazon,2026-09-14,16:00,430.14,-1.89,-0.4366
MSFT,Microsoft,2026-09-15,09:30,89.60,-0.14,-0.1546
MSFT,Microsoft,2026-09-15,10:00,89.36,-0.39,-0.4319
MSFT,Microsoft,2026-09-15,10:30,89.02,-0.73,-0.8102
MSFT,Microsoft,2026-09-15,11:00,89.39,-0.35,-0.3933
MSFT,Microsoft,2026-09-15,11:30,89.51,-0.24,-0.2637
MSFT,Microsoft,2026-09-15,12:00,89.54,-0.20,-0.2233
MSFT,Microsoft,2026-09-15,12:30,89.84,0.09,0.1056
MSFT,Microsoft,2026-09-15,13:00,89.66,-0.08,-0.0895
MSFT,Microsoft,2026-09-15,13:30,90.05,0.30,0.3389
MSFT,Microsoft,2026-09-15,14:00,89.72,-0.02,-0.0233
MSFT,Microsoft,2026-09-15,14:30,89.33,-0.41,-0.4562
MSFT,Microsoft,2026-09-15,15:00,89.54,-0.20,-0.2262
MSFT,Microsoft,2026-09-15,15:30,89.56,-0.18,-0.2031
MSFT,Microsoft,2026-09-15,16:00,89.41,-0.33,-0.3717
META,Meta Platforms,2026-09-15,09:30,131.86,-0.44,-0.3313
META,Meta Platforms,2026-09-15,10:00,131.90,-0.39,-0.2969
META,Meta Platforms,2026-09-15,10:30,131.53,-0.76,-0.5751
META,Meta Platforms,2026-09-15,11:00,132.25,-0.05,-0.0359
META,Meta Platforms,2026-09-15,11:30,132.58,0.29,0.2174
META,Meta Platforms,2026-09-15,12:00,132.77,0.47,0.3563
META,Meta Platforms,2026-09-15,12:30,133.13,0.83,0.6307
META,Meta Platforms,2026-09-15,13:00,133.14,0.84,0.6371
META,Meta Platforms,2026-09-15,13:30,132.83,0.53,0.4010
META,Meta Platforms,2026-09-15,14:00,133.17,0.88,0.6618
META,Meta Platforms,2026-09-15,14:30,132.54,0.25,0.1862
META,Meta Platforms,2026-09-15,15:00,132.83,0.53,0.4032
META,Meta Platforms,2026-09-15,15:30,132.50,0.21,0.1583
META,Meta Platforms,2026-09-15,16:00,132.43,0.13,0.0992
TSLA,Tesla,2026-09-15,09:30,172.73,0.38,0.2216
TSLA,Tesla,2026-09-15,10:00,172.96,0.62,0.3569
TSLA,Tesla,2026-09-15,10:30,173.34,0.99,0.5760
TSLA,Tesla,2026-09-15,11:00,174.06,1.71,0.9903
TSLA,Tesla,2026-09-15,11:30,173.79,1.44,0.8345
TSLA,Tesla,2026-09-15,12:00,172.95,0.60,0.3500
TSLA,Tesla,2026-09-15,12:30,172.48,0.13,0.0780
TSLA,Tesla,2026-09-15,13:00,172.26,-0.09,-0.0518
TSLA,Tesla,2026-09-15,13:30,171.70,-0.65,-0.3774
TSLA,Tesla,2026-09-15,14:00,172.01,-0.34,-0.1995
TSLA,Tesla,2026-09-15,14:30,171.21,-1.14,-0.6622
TSLA,Tesla,2026-09-15,15:00,171.01,-1.34,-0.7755
TSLA,Tesla,2026-09-15,15:30,171.90,-0.45,-0.2589
TSLA,Tesla,2026-09-15,16:00,172.59,0.24,0.1370
JPM,JPMorgan Chase,2026-09-15,09:30,201.19,-0.41,-0.2045
JPM,JPMorgan Chase,2026-09-15,10:00,200.34,-1.27,-0.6279
JPM,JPMorgan Chase,2026-09-15,10:30,200.38,-1.22,-0.6073
JPM,JPMorgan Chase,2026-09-15,11:00,200.93,-0.68,-0.3362
JPM,JPMorgan Chase,2026-09-15,11:30,200.08,-1.52,-0.7541
JPM,JPMorgan Chase,2026-09-15,12:00,200.00,-1.61,-0.7985
JPM,JPMorgan Chase,2026-09-15,12:30,200.24,-1.37,-0.6793
JPM,JPMorgan Chase,2026-09-15,13:00,199.23,-2.37,-1.1769
JPM,JPMorgan Chase,2026-09-15,13:30,199.67,-1.94,-0.9612
JPM,JPMorgan Chase,2026-09-15,14:00,198.94,-2.67,-1.3238
JPM,JPMorgan Chase,2026-09-15,14:30,198.14,-3.47,-1.7196
JPM,JPMorgan Chase,2026-09-15,15:00,197.90,-3.70,-1.8370
JPM,JPMorgan Chase,2026-09-15,15:30,197.23,-4.38,-2.1709
JPM,JPMorgan Chase,2026-09-15,16:00,197.89,-3.71,-1.8417
NFLX,Netflix,2026-09-15,09:30,244.62,-0.61,-0.2506
NFLX,Netflix,2026-09-15,10:00,245.18,-0.06,-0.0256
NFLX,Netflix,2026-09-15,10:30,245.64,0.40,0.1649
NFLX,Netflix,2026-09-15,11:00,244.78,-0.46,-0.1887
NFLX,Netflix,2026-09-15,11:30,244.38,-0.86,-0.3515
NFLX,Netflix,2026-09-15,12:00,243.10,-2.14,-0.8719
NFLX,Netflix,2026-09-15,12:30,243.74,-1.50,-0.6125
NFLX,Netflix,2026-09-15,13:00,244.40,-0.84,-0.3427
NFLX,Netflix,2026-09-15,13:30,244.68,-0.56,-0.2268
NFLX,Netflix,2026-09-15,14:00,245.10,-0.14,-0.0557
NFLX,Netflix,2026-09-15,14:30,245.25,0.02,0.0064
NFLX,Netflix,2026-09-15,15:00,245.59,0.35,0.1438
NFLX,Netflix,2026-09-15,15:30,246.56,1.32,0.5373
NFLX,Netflix,2026-09-15,16:00,246.84,1.60,0.6523
DIS,Walt Disney,2026-09-15,09:30,272.05,-0.54,-0.1987
DIS,Walt Disney,2026-09-15,10:00,272.77,0.17,0.0642
DIS,Walt Disney,2026-09-15,10:30,271.98,-0.62,-0.2274
DIS,Walt Disney,2026-09-15,11:00,272.50,-0.09,-0.0336
DIS,Walt Disney,2026-09-15,11:30,271.94,-0.66,-0.2411
DIS,Walt Disney,2026-09-15,12:00,271.83,-0.77,-0.2817
DIS,Walt Disney,2026-09-15,12:30,272.50,-0.10,-0.0354
DIS,Walt Disney,2026-09-15,13:00,272.23,-0.36,-0.1337
DIS,Walt Disney,2026-09-15,13:30,273.71,1.12,0.4108
DIS,Walt Disney,2026-09-15,14:00,273.12,0.53,0.1926
DIS,Walt Disney,2026-09-15,14:30,272.34,-0.26,-0.0936
DIS,Walt Disney,2026-09-15,15:00,272.83,0.24,0.0879
DIS,Walt Disney,2026-09-15,15:30,274.37,1.77,0.6503
DIS,Walt Disney,2026-09-15,16:00,274.74,2.14,0.7854
AAPL,Apple,2026-09-15,09:30,325.59,1.36,0.4182
AAPL,Apple,2026-09-15,10:00,324.65,0.41,0.1265
AAPL,Apple,2026-09-15,10:30,324.15,-0.09,-0.0280
AAPL,Apple,2026-09-15,11:00,324.13,-0.11,-0.0344
AAPL,Apple,2026-09-15,11:30,325.88,1.64,0.5058
AAPL,Apple,2026-09-15,12:00,326.28,2.05,0.6312
AAPL,Apple,2026-09-15,12:30,325.92,1.68,0.5194
AAPL,Apple,2026-09-15,13:00,326.11,1.88,0.5783
AAPL,Apple,2026-09-15,13:30,326.75,2.51,0.7745
AAPL,Apple,2026-09-15,14:00,328.62,4.39,1.3532
AAPL,Apple,2026-09-15,14:30,329.66,5.42,1.6710
AAPL,Apple,2026-09-15,15:00,331.20,6.96,2.1478
AAPL,Apple,2026-09-15,15:30,333.06,8.82,2.7215
AAPL,Apple,2026-09-15,16:00,333.72,9.49,2.9254
NVDA,NVIDIA,2026-09-15,09:30,363.07,1.13,0.3120
NVDA,NVIDIA,2026-09-15,10:00,362.63,0.70,0.1921
NVDA,NVIDIA,2026-09-15,10:30,362.29,0.35,0.0973
NVDA,NVIDIA,2026-09-15,11:00,360.73,-1.21,-0.3340
NVDA,NVIDIA,2026-09-15,11:30,362.59,0.66,0.1810
NVDA,NVIDIA,2026-09-15,12:00,361.27,-0.66,-0.1833
NVDA,NVIDIA,2026-09-15,12:30,360.64,-1.30,-0.3582
NVDA,NVIDIA,2026-09-15,13:00,359.07,-2.87,-0.7932
NVDA,NVIDIA,2026-09-15,13:30,360.08,-1.86,-0.5138
NVDA,NVIDIA,2026-09-15,14:00,358.34,-3.60,-0.9940
NVDA,NVIDIA,2026-09-15,14:30,359.45,-2.48,-0.6863
NVDA,NVIDIA,2026-09-15,15:00,360.05,-1.89,-0.5218
NVDA,NVIDIA,2026-09-15,15:30,361.02,-0.91,-0.2526
NVDA,NVIDIA,2026-09-15,16:00,361.79,-0.15,-0.0413
GOOGL,Alphabet,2026-09-15,09:30,386.21,0.32,0.0821
GOOGL,Alphabet,2026-09-15,10:00,386.44,0.55,0.1419
GOOGL,Alphabet,2026-09-15,10:30,388.23,2.34,0.6069
GOOGL,Alphabet,2026-09-15,11:00,390.04,4.14,1.0736
GOOGL,Alphabet,2026-09-15,11:30,391.32,5.43,1.4070
GOOGL,Alphabet,2026-09-15,12:00,392.18,6.29,1.6292
GOOGL,Alphabet,2026-09-15,12:30,391.05,5.16,1.3366
GOOGL,Alphabet,2026-09-15,13:00,390.44,4.55,1.1798
GOOGL,Alphabet,2026-09-15,13:30,392.69,6.80,1.7615
GOOGL,Alphabet,2026-09-15,14:00,391.06,5.17,1.3390
GOOGL,Alphabet,2026-09-15,14:30,391.26,5.37,1.3911
GOOGL,Alphabet,2026-09-15,15:00,390.19,4.29,1.1129
GOOGL,Alphabet,2026-09-15,15:30,392.24,6.35,1.6447
GOOGL,Alphabet,2026-09-15,16:00,392.79,6.90,1.7885
AMZN,Amazon,2026-09-15,09:30,428.15,-1.81,-0.4215
AMZN,Amazon,2026-09-15,10:00,427.22,-2.74,-0.6376
AMZN,Amazon,2026-09-15,10:30,427.00,-2.96,-0.6885
AMZN,Amazon,2026-09-15,11:00,427.21,-2.75,-0.6406
AMZN,Amazon,2026-09-15,11:30,425.20,-4.77,-1.1083
AMZN,Amazon,2026-09-15,12:00,425.71,-4.26,-0.9901
AMZN,Amazon,2026-09-15,12:30,424.93,-5.03,-1.1708
AMZN,Amazon,2026-09-15,13:00,424.63,-5.34,-1.2409
AMZN,Amazon,2026-09-15,13:30,422.87,-7.10,-1.6506
AMZN,Amazon,2026-09-15,14:00,420.76,-9.21,-2.1414
AMZN,Amazon,2026-09-15,14:30,419.67,-10.29,-2.3932
AMZN,Amazon,2026-09-15,15:00,420.96,-9.00,-2.0939
AMZN,Amazon,2026-09-15,15:30,419.82,-10.14,-2.3592
AMZN,Amazon,2026-09-15,16:00,422.21,-7.75,-1.8028
MSFT,Microsoft,2026-09-16,09:30,89.95,-0.46,-0.5053
MSFT,Microsoft,2026-09-16,10:00,90.37,-0.04,-0.0413
MSFT,Microsoft,2026-09-16,10:30,90.42,0.02,0.0167
MSFT,Microsoft,2026-09-16,11:00,90.78,0.38,0.4219
MSFT,Microsoft,2026-09-16,11:30,91.08,0.67,0.7458
MSFT,Microsoft,2026-09-16,12:00,90.62,0.22,0.2398
MSFT,Microsoft,2026-09-16,12:30,90.29,-0.12,-0.1283
MSFT,Microsoft,2026-09-16,13:00,89.87,-0.54,-0.5942
MSFT,Microsoft,2026-09-16,13:30,89.97,-0.43,-0.4765
MSFT,Microsoft,2026-09-16,14:00,89.65,-0.75,-0.8306
MSFT,Microsoft,2026-09-16,14:30,89.39,-1.01,-1.1165
MSFT,Microsoft,2026-09-16,15:00,89.72,-0.68,-0.7511
MSFT,Microsoft,2026-09-16,15:30,89.29,-1.11,-1.2282
MSFT,Microsoft,2026-09-16,16:00,89.67,-0.74,-0.8135
META,Meta Platforms,2026-09-16,09:30,135.30,-0.16,-0.1195
META,Meta Platforms,2026-09-16,10:00,135.78,0.32,0.2392
META,Meta Platforms,2026-09-16,10:30,135.26,-0.20,-0.1470
META,Meta Platforms,2026-09-16,11:00,134.61,-0.85,-0.6256
META,Meta Platforms,2026-09-16,11:30,135.02,-0.44,-0.3223
META,Meta Platforms,2026-09-16,12:00,134.43,-1.03,-0.7609
META,Meta Platforms,2026-09-16,12:30,134.02,-1.44,-1.0619
META,Meta Platforms,2026-09-16,13:00,134.16,-1.30,-0.9599
META,Meta Platforms,2026-09-16,13:30,133.49,-1.97,-1.4564
META,Meta Platforms,2026-09-16,14:00,133.69,-1.77,-1.3097
META,Meta Platforms,2026-09-16,14:30,133.82,-1.64,-1.2090
META,Meta Platforms,2026-09-16,15:00,133.81,-1.65,-1.2212
META,Meta Platforms,2026-09-16,15:30,133.54,-1.92,-1.4145
META,Meta Platforms,2026-09-16,16:00,133.60,-1.86,-1.3742
TSLA,Tesla,2026-09-16,09:30,178.21,-0.20,-0.1146
TSLA,Tesla,2026-09-16,10:00,177.61,-0.81,-0.4512
TSLA,Tesla,2026-09-16,10:30,176.92,-1.50,-0.8399
TSLA,Tesla,2026-09-16,11:00,177.32,-1.09,-0.6121
TSLA,Tesla,2026-09-16,11:30,178.17,-0.24,-0.1346
TSLA,Tesla,2026-09-16,12:00,177.24,-1.17,-0.6560
TSLA,Tesla,2026-09-16,12:30,177.81,-0.60,-0.3388
TSLA,Tesla,2026-09-16,13:00,178.81,0.40,0.2216
TSLA,Tesla,2026-09-16,13:30,179.86,1.44,0.8086
TSLA,Tesla,2026-09-16,14:00,179.97,1.55,0.8700
TSLA,Tesla,2026-09-16,14:30,179.83,1.41,0.7930
TSLA,Tesla,2026-09-16,15:00,180.61,2.20,1.2315
TSLA,Tesla,2026-09-16,15:30,181.52,3.10,1.7398
TSLA,Tesla,2026-09-16,16:00,182.39,3.97,2.2261
JPM,JPMorgan Chase,2026-09-16,09:30,214.15,-0.19,-0.0878
JPM,JPMorgan Chase,2026-09-16,10:00,213.82,-0.52,-0.2425
JPM,JPMorgan Chase,2026-09-16,10:30,214.02,-0.32,-0.1482
JPM,JPMorgan Chase,2026-09-16,11:00,215.17,0.83,0.3859
JPM,JPMorgan Chase,2026-09-16,11:30,214.50,0.15,0.0715
JPM,JPMorgan Chase,2026-09-16,12:00,214.34,-0.00,-0.0005
JPM,JPMorgan Chase,2026-09-16,12:30,215.22,0.88,0.4100
JPM,JPMorgan Chase,2026-09-16,13:00,216.12,1.78,0.8299
JPM,JPMorgan Chase,2026-09-16,13:30,215.84,1.49,0.6974
JPM,JPMorgan Chase,2026-09-16,14:00,215.17,0.83,0.3864
JPM,JPMorgan Chase,2026-09-16,14:30,215.87,1.52,0.7114
JPM,JPMorgan Chase,2026-09-16,15:00,217.08,2.74,1.2782
JPM,JPMorgan Chase,2026-09-16,15:30,218.19,3.85,1.7965
JPM,JPMorgan Chase,2026-09-16,16:00,218.32,3.98,1.8565
NFLX,Netflix,2026-09-16,09:30,250.84,0.67,0.2678
NFLX,Netflix,2026-09-16,10:00,249.63,-0.54,-0.2145
NFLX,Netflix,2026-09-16,10:30,249.70,-0.47,-0.1898
NFLX,Netflix,2026-09-16,11:00,249.94,-0.23,-0.0923
NFLX,Netflix,2026-09-16,11:30,250.88,0.71,0.2845
NFLX,Netflix,2026-09-16,12:00,251.30,1.12,0.4496
NFLX,Netflix,2026-09-16,12:30,250.87,0.70,0.2793
NFLX,Netflix,2026-09-16,13:00,250.16,-0.01,-0.0041
NFLX,Netflix,2026-09-16,13:30,250.04,-0.13,-0.0525
NFLX,Netflix,2026-09-16,14:00,251.18,1.01,0.4032
NFLX,Netflix,2026-09-16,14:30,251.43,1.26,0.5028
NFLX,Netflix,2026-09-16,15:00,251.23,1.06,0.4217
NFLX,Netflix,2026-09-16,15:30,250.09,-0.08,-0.0330
NFLX,Netflix,2026-09-16,16:00,249.82,-0.35,-0.1392
DIS,Walt Disney,2026-09-16,09:30,273.07,1.17,0.4296
DIS,Walt Disney,2026-09-16,10:00,273.88,1.97,0.7261
DIS,Walt Disney,2026-09-16,10:30,274.84,2.93,1.0792
DIS,Walt Disney,2026-09-16,11:00,276.28,4.38,1.6119
DIS,Walt Disney,2026-09-16,11:30,275.15,3.25,1.1960
DIS,Walt Disney,2026-09-16,12:00,274.85,2.95,1.0831
DIS,Walt Disney,2026-09-16,12:30,275.07,3.17,1.1665
DIS,Walt Disney,2026-09-16,13:00,273.73,1.83,0.6741
DIS,Walt Disney,2026-09-16,13:30,273.53,1.63,0.5987
DIS,Walt Disney,2026-09-16,14:00,274.81,2.91,1.0686
DIS,Walt Disney,2026-09-16,14:30,274.84,2.93,1.0790
DIS,Walt Disney,2026-09-16,15:00,274.14,2.23,0.8216
DIS,Walt Disney,2026-09-16,15:30,274.48,2.58,0.9492
DIS,Walt Disney,2026-09-16,16:00,275.53,3.63,1.3346
AAPL,Apple,2026-09-16,09:30,324.93,0.66,0.2020
AAPL,Apple,2026-09-16,10:00,326.73,2.46,0.7580
AAPL,Apple,2026-09-16,10:30,325.61,1.33,0.4106
AAPL,Apple,2026-09-16,11:00,325.26,0.99,0.3039
AAPL,Apple,2026-09-16,11:30,326.09,1.82,0.5605
AAPL,Apple,2026-09-16,12:00,325.87,1.59,0.4907
AAPL,Apple,2026-09-16,12:30,325.56,1.28,0.3954
AAPL,Apple,2026-09-16,13:00,326.30,2.03,0.6256
AAPL,Apple,2026-09-16,13:30,324.92,0.64,0.1984
AAPL,Apple,2026-09-16,14:00,324.62,0.34,0.1053
AAPL,Apple,2026-09-16,14:30,325.22,0.95,0.2928
AAPL,Apple,2026-09-16,15:00,325.61,1.34,0.4123
AAPL,Apple,2026-09-16,15:30,326.37,2.09,0.6459
AAPL,Apple,2026-09-16,16:00,327.82,3.54,1.0925
NVDA,NVIDIA,2026-09-16,09:30,347.22,1.84,0.5331
NVDA,NVIDIA,2026-09-16,10:00,346.52,1.14,0.3296
NVDA,NVIDIA,2026-09-16,10:30,347.14,1.76,0.5086
NVDA,NVIDIA,2026-09-16,11:00,345.63,0.25,0.0727
NVDA,NVIDIA,2026-09-16,11:30,347.34,1.96,0.5673
NVDA,NVIDIA,2026-09-16,12:00,346.32,0.94,0.2717
NVDA,NVIDIA,2026-09-16,12:30,346.63,1.25,0.3613
NVDA,NVIDIA,2026-09-16,13:00,346.43,1.04,0.3020
NVDA,NVIDIA,2026-09-16,13:30,344.99,-0.40,-0.1145
NVDA,NVIDIA,2026-09-16,14:00,345.38,-0.00,-0.0007
NVDA,NVIDIA,2026-09-16,14:30,345.66,0.28,0.0797
NVDA,NVIDIA,2026-09-16,15:00,346.61,1.23,0.3565
NVDA,NVIDIA,2026-09-16,15:30,345.24,-0.15,-0.0423
NVDA,NVIDIA,2026-09-16,16:00,344.18,-1.21,-0.3494
GOOGL,Alphabet,2026-09-16,09:30,392.45,0.92,0.2356
GOOGL,Alphabet,2026-09-16,10:00,394.12,2.59,0.6611
GOOGL,Alphabet,2026-09-16,10:30,392.97,1.44,0.3681
GOOGL,Alphabet,2026-09-16,11:00,391.53,-0.00,-0.0002
GOOGL,Alphabet,2026-09-16,11:30,390.88,-0.65,-0.1665
GOOGL,Alphabet,2026-09-16,12:00,391.01,-0.52,-0.1334
GOOGL,Alphabet,2026-09-16,12:30,389.41,-2.12,-0.5426
GOOGL,Alphabet,2026-09-16,13:00,390.30,-1.23,-0.3136
GOOGL,Alphabet,2026-09-16,13:30,392.12,0.59,0.1500
GOOGL,Alphabet,2026-09-16,14:00,393.20,1.67,0.4264
GOOGL,Alphabet,2026-09-16,14:30,395.09,3.56,0.9087
GOOGL,Alphabet,2026-09-16,15:00,393.45,1.92,0.4905
GOOGL,Alphabet,2026-09-16,15:30,395.37,3.84,0.9819
GOOGL,Alphabet,2026-09-16,16:00,397.16,5.63,1.4380
AMZN,Amazon,2026-09-16,09:30,420.61,1.48,0.3537
AMZN,Amazon,2026-09-16,10:00,420.36,1.23,0.2924
AMZN,Amazon,2026-09-16,10:30,421.52,2.39,0.5693
AMZN,Amazon,2026-09-16,11:00,421.12,1.99,0.4743
AMZN,Amazon,2026-09-16,11:30,419.88,0.74,0.1776
AMZN,Amazon,2026-09-16,12:00,422.00,2.87,0.6838
AMZN,Amazon,2026-09-16,12:30,421.72,2.59,0.6179
AMZN,Amazon,2026-09-16,13:00,423.00,3.87,0.9234
AMZN,Amazon,2026-09-16,13:30,422.61,3.47,0.8290
AMZN,Amazon,2026-09-16,14:00,424.85,5.72,1.3647
AMZN,Amazon,2026-09-16,14:30,424.87,5.74,1.3698
AMZN,Amazon,2026-09-16,15:00,424.93,5.80,1.3841
AMZN,Amazon,2026-09-16,15:30,426.84,7.71,1.8401
AMZN,Amazon,2026-09-16,16:00,428.15,9.02,2.1509
MSFT,Microsoft,2026-09-17,09:30,99.30,0.12,0.1216
MSFT,Microsoft,2026-09-17,10:00,99.32,0.15,0.1493
MSFT,Microsoft,2026-09-17,10:30,99.80,0.63,0.6308
MSFT,Microsoft,2026-09-17,11:00,100.23,1.06,1.0649
MSFT,Microsoft,2026-09-17,11:30,100.10,0.92,0.9265
MSFT,Microsoft,2026-09-17,12:00,99.59,0.41,0.4176
MSFT,Microsoft,2026-09-17,12:30,100.00,0.82,0.8261
MSFT,Microsoft,2026-09-17,13:00,99.94,0.77,0.7728
MSFT,Microsoft,2026-09-17,13:30,100.50,1.33,1.3372
MSFT,Microsoft,2026-09-17,14:00,100.83,1.66,1.6689
MSFT,Microsoft,2026-09-17,14:30,101.04,1.86,1.8762
MSFT,Microsoft,2026-09-17,15:00,101.32,2.14,2.1591
MSFT,Microsoft,2026-09-17,15:30,101.63,2.45,2.4741
MSFT,Microsoft,2026-09-17,16:00,102.04,2.86,2.8851
META,Meta Platforms,2026-09-17,09:30,140.81,-0.68,-0.4820
META,Meta Platforms,2026-09-17,10:00,141.16,-0.33,-0.2306
META,Meta Platforms,2026-09-17,10:30,141.44,-0.04,-0.0315
META,Meta Platforms,2026-09-17,11:00,140.99,-0.50,-0.3533
META,Meta Platforms,2026-09-17,11:30,140.95,-0.53,-0.3781
META,Meta Platforms,2026-09-17,12:00,141.14,-0.34,-0.2433
META,Meta Platforms,2026-09-17,12:30,140.98,-0.51,-0.3594
META,Meta Platforms,2026-09-17,13:00,140.67,-0.82,-0.5797
META,Meta Platforms,2026-09-17,13:30,141.03,-0.46,-0.3226
META,Meta Platforms,2026-09-17,14:00,141.31,-0.18,-0.1245
META,Meta Platforms,2026-09-17,14:30,141.50,0.01,0.0099
META,Meta Platforms,2026-09-17,15:00,142.29,0.80,0.5661
META,Meta Platforms,2026-09-17,15:30,142.12,0.63,0.4470
META,Meta Platforms,2026-09-17,16:00,141.50,0.01,0.0073
TSLA,Tesla,2026-09-17,09:30,177.37,0.99,0.5630
TSLA,Tesla,2026-09-17,10:00,176.96,0.58,0.3296
TSLA,Tesla,2026-09-17,10:30,177.13,0.76,0.4303
TSLA,Tesla,2026-09-17,11:00,176.97,0.59,0.3371
TSLA,Tesla,2026-09-17,11:30,176.59,0.22,0.1237
TSLA,Tesla,2026-09-17,12:00,176.08,-0.30,-0.1678
TSLA,Tesla,2026-09-17,12:30,175.42,-0.95,-0.5404
TSLA,Tesla,2026-09-17,13:00,175.06,-1.31,-0.7440
TSLA,Tesla,2026-09-17,13:30,174.70,-1.67,-0.9489
TSLA,Tesla,2026-09-17,14:00,175.37,-1.00,-0.5695
TSLA,Tesla,2026-09-17,14:30,175.26,-1.11,-0.6292
TSLA,Tesla,2026-09-17,15:00,174.72,-1.65,-0.9363
TSLA,Tesla,2026-09-17,15:30,173.98,-2.39,-1.3549
TSLA,Tesla,2026-09-17,16:00,173.50,-2.87,-1.6300
JPM,JPMorgan Chase,2026-09-17,09:30,197.74,-0.06,-0.0319
JPM,JPMorgan Chase,2026-09-17,10:00,198.03,0.23,0.1153
JPM,JPMorgan Chase,2026-09-17,10:30,198.09,0.29,0.1467
JPM,JPMorgan Chase,2026-09-17,11:00,198.44,0.64,0.3224
JPM,JPMorgan Chase,2026-09-17,11:30,199.27,1.47,0.7422
JPM,JPMorgan Chase,2026-09-17,12:00,199.08,1.28,0.6472
JPM,JPMorgan Chase,2026-09-17,12:30,199.28,1.47,0.7443
JPM,JPMorgan Chase,2026-09-17,13:00,199.73,1.93,0.9760
JPM,JPMorgan Chase,2026-09-17,13:30,200.33,2.53,1.2782
JPM,JPMorgan Chase,2026-09-17,14:00,199.34,1.54,0.7776
JPM,JPMorgan Chase,2026-09-17,14:30,198.99,1.19,0.6013
JPM,JPMorgan Chase,2026-09-17,15:00,198.51,0.70,0.3557
JPM,JPMorgan Chase,2026-09-17,15:30,198.49,0.69,0.3467
JPM,JPMorgan Chase,2026-09-17,16:00,198.68,0.88,0.4442
NFLX,Netflix,2026-09-17,09:30,235.56,0.94,0.3996
NFLX,Netflix,2026-09-17,10:00,235.48,0.86,0.3666
NFLX,Netflix,2026-09-17,10:30,236.78,2.16,0.9197
NFLX,Netflix,2026-09-17,11:00,235.95,1.33,0.5688
NFLX,Netflix,2026-09-17,11:30,236.73,2.11,0.9010
NFLX,Netflix,2026-09-17,12:00,236.72,2.10,0.8963
NFLX,Netflix,2026-09-17,12:30,235.67,1.06,0.4505
NFLX,Netflix,2026-09-17,13:00,236.36,1.74,0.7424
NFLX,Netflix,2026-09-17,13:30,237.53,2.91,1.2405
NFLX,Netflix,2026-09-17,14:00,238.49,3.87,1.6491
NFLX,Netflix,2026-09-17,14:30,237.73,3.11,1.3270
NFLX,Netflix,2026-09-17,15:00,237.64,3.03,1.2894
NFLX,Netflix,2026-09-17,15:30,237.04,2.42,1.0321
NFLX,Netflix,2026-09-17,16:00,237.24,2.62,1.1157
DIS,Walt Disney,2026-09-17,09:30,283.09,-1.42,-0.4992
DIS,Walt Disney,2026-09-17,10:00,282.57,-1.93,-0.6798
DIS,Walt Disney,2026-09-17,10:30,283.82,-0.68,-0.2397
DIS,Walt Disney,2026-09-17,11:00,284.47,-0.04,-0.0126
DIS,Walt Disney,2026-09-17,11:30,285.75,1.24,0.4361
DIS,Walt Disney,2026-09-17,12:00,286.97,2.47,0.8666
DIS,Walt Disney,2026-09-17,12:30,286.02,1.51,0.5324
DIS,Walt Disney,2026-09-17,13:00,284.82,0.31,0.1095
DIS,Walt Disney,2026-09-17,13:30,284.55,0.04,0.0153
DIS,Walt Disney,2026-09-17,14:00,284.54,0.03,0.0108
DIS,Walt Disney,2026-09-17,14:30,283.28,-1.23,-0.4311
DIS,Walt Disney,2026-09-17,15:00,282.23,-2.28,-0.8012
DIS,Walt Disney,2026-09-17,15:30,282.02,-2.48,-0.8722
DIS,Walt Disney,2026-09-17,16:00,280.98,-3.53,-1.2403
AAPL,Apple,2026-09-17,09:30,318.79,-1.62,-0.5064
AAPL,Apple,2026-09-17,10:00,318.56,-1.84,-0.5754
AAPL,Apple,2026-09-17,10:30,320.23,-0.18,-0.0570
AAPL,Apple,2026-09-17,11:00,321.39,0.99,0.3077
AAPL,Apple,2026-09-17,11:30,319.73,-0.68,-0.2131
AAPL,Apple,2026-09-17,12:00,319.09,-1.32,-0.4125
AAPL,Apple,2026-09-17,12:30,318.79,-1.62,-0.5043
AAPL,Apple,2026-09-17,13:00,320.64,0.23,0.0722
AAPL,Apple,2026-09-17,13:30,319.80,-0.61,-0.1911
AAPL,Apple,2026-09-17,14:00,318.68,-1.73,-0.5392
AAPL,Apple,2026-09-17,14:30,320.31,-0.09,-0.0296
AAPL,Apple,2026-09-17,15:00,319.17,-1.24,-0.3870
AAPL,Apple,2026-09-17,15:30,318.42,-1.98,-0.6193
AAPL,Apple,2026-09-17,16:00,319.62,-0.79,-0.2467
NVDA,NVIDIA,2026-09-17,09:30,347.36,0.73,0.2101
NVDA,NVIDIA,2026-09-17,10:00,347.47,0.83,0.2395
NVDA,NVIDIA,2026-09-17,10:30,346.23,-0.40,-0.1159
NVDA,NVIDIA,2026-09-17,11:00,345.83,-0.81,-0.2336
NVDA,NVIDIA,2026-09-17,11:30,344.46,-2.18,-0.6291
NVDA,NVIDIA,2026-09-17,12:00,344.58,-2.06,-0.5933
NVDA,NVIDIA,2026-09-17,12:30,343.47,-3.17,-0.9147
NVDA,NVIDIA,2026-09-17,13:00,343.89,-2.74,-0.7919
NVDA,NVIDIA,2026-09-17,13:30,344.27,-2.37,-0.6835
NVDA,NVIDIA,2026-09-17,14:00,345.36,-1.28,-0.3685
NVDA,NVIDIA,2026-09-17,14:30,346.27,-0.36,-0.1049
NVDA,NVIDIA,2026-09-17,15:00,346.71,0.08,0.0219
NVDA,NVIDIA,2026-09-17,15:30,347.84,1.20,0.3465
NVDA,NVIDIA,2026-09-17,16:00,349.79,3.15,0.9095
GOOGL,Alphabet,2026-09-17,09:30,392.56,-0.18,-0.0448
GOOGL,Alphabet,2026-09-17,10:00,393.03,0.30,0.0751
GOOGL,Alphabet,2026-09-17,10:30,392.25,-0.48,-0.1220
GOOGL,Alphabet,2026-09-17,11:00,393.11,0.37,0.0951
GOOGL,Alphabet,2026-09-17,11:30,391.60,-1.13,-0.2876
GOOGL,Alphabet,2026-09-17,12:00,391.90,-0.83,-0.2120
GOOGL,Alphabet,2026-09-17,12:30,392.30,-0.43,-0.1107
GOOGL,Alphabet,2026-09-17,13:00,392.08,-0.65,-0.1664
GOOGL,Alphabet,2026-09-17,13:30,392.21,-0.52,-0.1332
GOOGL,Alphabet,2026-09-17,14:00,390.56,-2.17,-0.5538
GOOGL,Alphabet,2026-09-17,14:30,392.32,-0.42,-0.1057
GOOGL,Alphabet,2026-09-17,15:00,393.52,0.79,0.2009
GOOGL,Alphabet,2026-09-17,15:30,392.30,-0.44,-0.1111
GOOGL,Alphabet,2026-09-17,16:00,394.53,1.80,0.4582
AMZN,Amazon,2026-09-17,09:30,435.20,-1.65,-0.3781
AMZN,Amazon,2026-09-17,10:00,433.09,-3.76,-0.8597
AMZN,Amazon,2026-09-17,10:30,431.13,-5.71,-1.3081
AMZN,Amazon,2026-09-17,11:00,430.26,-6.59,-1.5087
AMZN,Amazon,2026-09-17,11:30,428.30,-8.55,-1.9570
AMZN,Amazon,2026-09-17,12:00,429.63,-7.22,-1.6516
AMZN,Amazon,2026-09-17,12:30,429.55,-7.30,-1.6712
AMZN,Amazon,2026-09-17,13:00,429.20,-7.64,-1.7500
AMZN,Amazon,2026-09-17,13:30,428.49,-8.36,-1.9145
AMZN,Amazon,2026-09-17,14:00,429.40,-7.45,-1.7059
AMZN,Amazon,2026-09-17,14:30,427.78,-9.07,-2.0770
AMZN,Amazon,2026-09-17,15:00,429.49,-7.36,-1.6843
AMZN,Amazon,2026-09-17,15:30,429.65,-7.20,-1.6485
AMZN,Amazon,2026-09-17,16:00,429.55,-7.30,-1.6703
MSFT,Microsoft,2026-09-18,09:30,98.38,0.55,0.5617
MSFT,Microsoft,2026-09-18,10:00,98.90,1.07,1.0962
MSFT,Microsoft,2026-09-18,10:30,98.73,0.90,0.9229
MSFT,Microsoft,2026-09-18,11:00,99.09,1.26,1.2920
MSFT,Microsoft,2026-09-18,11:30,99.30,1.47,1.5021
MSFT,Microsoft,2026-09-18,12:00,98.83,1.00,1.0261
MSFT,Microsoft,2026-09-18,12:30,99.07,1.25,1.2737
MSFT,Microsoft,2026-09-18,13:00,99.64,1.81,1.8552
MSFT,Microsoft,2026-09-18,13:30,100.23,2.40,2.4532
MSFT,Microsoft,2026-09-18,14:00,100.57,2.75,2.8082
MSFT,Microsoft,2026-09-18,14:30,100.79,2.97,3.0317
MSFT,Microsoft,2026-09-18,15:00,101.26,3.43,3.5099
MSFT,Microsoft,2026-09-18,15:30,100.74,2.91,2.9753
MSFT,Microsoft,2026-09-18,16:00,100.43,2.60,2.6626
META,Meta Platforms,2026-09-18,09:30,133.31,-0.31,-0.2351
META,Meta Platforms,2026-09-18,10:00,132.81,-0.81,-0.6077
META,Meta Platforms,2026-09-18,10:30,132.80,-0.83,-0.6178
META,Meta Platforms,2026-09-18,11:00,133.31,-0.32,-0.2378
META,Meta Platforms,2026-09-18,11:30,133.59,-0.03,-0.0257
META,Meta Platforms,2026-09-18,12:00,133.96,0.34,0.2513
META,Meta Platforms,2026-09-18,12:30,133.38,-0.25,-0.1843
META,Meta Platforms,2026-09-18,13:00,133.66,0.03,0.0223
META,Meta Platforms,2026-09-18,13:30,134.31,0.68,0.5121
META,Meta Platforms,2026-09-18,14:00,134.35,0.72,0.5425
META,Meta Platforms,2026-09-18,14:30,134.88,1.26,0.9400
META,Meta Platforms,2026-09-18,15:00,134.65,1.03,0.7700
META,Meta Platforms,2026-09-18,15:30,134.48,0.86,0.6399
META,Meta Platforms,2026-09-18,16:00,134.71,1.08,0.8085
TSLA,Tesla,2026-09-18,09:30,178.42,0.10,0.0535
TSLA,Tesla,2026-09-18,10:00,177.50,-0.82,-0.4587
TSLA,Tesla,2026-09-18,10:30,177.59,-0.74,-0.4129
TSLA,Tesla,2026-09-18,11:00,177.39,-0.93,-0.5243
TSLA,Tesla,2026-09-18,11:30,178.06,-0.26,-0.1466
TSLA,Tesla,2026-09-18,12:00,177.16,-1.16,-0.6515
TSLA,Tesla,2026-09-18,12:30,177.41,-0.91,-0.5116
TSLA,Tesla,2026-09-18,13:00,176.87,-1.45,-0.8130
TSLA,Tesla,2026-09-18,13:30,177.56,-0.76,-0.4269
TSLA,Tesla,2026-09-18,14:00,178.21,-0.11,-0.0642
TSLA,Tesla,2026-09-18,14:30,178.26,-0.06,-0.0341
TSLA,Tesla,2026-09-18,15:00,179.21,0.89,0.4977
TSLA,Tesla,2026-09-18,15:30,179.79,1.47,0.8229
TSLA,Tesla,2026-09-18,16:00,180.60,2.28,1.2780
JPM,JPMorgan Chase,2026-09-18,09:30,206.65,0.69,0.3367
JPM,JPMorgan Chase,2026-09-18,10:00,206.14,0.18,0.0889
JPM,JPMorgan Chase,2026-09-18,10:30,205.58,-0.38,-0.1862
JPM,JPMorgan Chase,2026-09-18,11:00,204.99,-0.97,-0.4695
JPM,JPMorgan Chase,2026-09-18,11:30,204.24,-1.73,-0.8377
JPM,JPMorgan Chase,2026-09-18,12:00,203.51,-2.46,-1.1924
JPM,JPMorgan Chase,2026-09-18,12:30,203.97,-1.99,-0.9655
JPM,JPMorgan Chase,2026-09-18,13:00,203.35,-2.61,-1.2695
JPM,JPMorgan Chase,2026-09-18,13:30,202.55,-3.41,-1.6537
JPM,JPMorgan Chase,2026-09-18,14:00,202.41,-3.55,-1.7252
JPM,JPMorgan Chase,2026-09-18,14:30,203.56,-2.40,-1.1662
JPM,JPMorgan Chase,2026-09-18,15:00,204.37,-1.59,-0.7701
JPM,JPMorgan Chase,2026-09-18,15:30,205.22,-0.75,-0.3621
JPM,JPMorgan Chase,2026-09-18,16:00,204.38,-1.58,-0.7663
NFLX,Netflix,2026-09-18,09:30,245.53,-0.24,-0.0994
NFLX,Netflix,2026-09-18,10:00,246.37,0.60,0.2454
NFLX,Netflix,2026-09-18,10:30,247.20,1.43,0.5821
NFLX,Netflix,2026-09-18,11:00,248.42,2.65,1.0788
NFLX,Netflix,2026-09-18,11:30,247.22,1.45,0.5882
NFLX,Netflix,2026-09-18,12:00,246.09,0.32,0.1314
NFLX,Netflix,2026-09-18,12:30,246.98,1.21,0.4923
NFLX,Netflix,2026-09-18,13:00,245.79,0.02,0.0080
NFLX,Netflix,2026-09-18,13:30,247.22,1.45,0.5916
NFLX,Netflix,2026-09-18,14:00,246.03,0.26,0.1062
NFLX,Netflix,2026-09-18,14:30,245.14,-0.63,-0.2561
NFLX,Netflix,2026-09-18,15:00,246.03,0.26,0.1050
NFLX,Netflix,2026-09-18,15:30,245.47,-0.30,-0.1232
NFLX,Netflix,2026-09-18,16:00,246.75,0.98,0.3987
DIS,Walt Disney,2026-09-18,09:30,271.58,0.24,0.0875
DIS,Walt Disney,2026-09-18,10:00,271.15,-0.19,-0.0715
DIS,Walt Disney,2026-09-18,10:30,271.85,0.51,0.1881
DIS,Walt Disney,2026-09-18,11:00,271.04,-0.30,-0.1117
DIS,Walt Disney,2026-09-18,11:30,272.20,0.86,0.3184
DIS,Walt Disney,2026-09-18,12:00,271.69,0.35,0.1306
DIS,Walt Disney,2026-09-18,12:30,271.62,0.28,0.1033
DIS,Walt Disney,2026-09-18,13:00,272.25,0.91,0.3367
DIS,Walt Disney,2026-09-18,13:30,273.36,2.02,0.7459
DIS,Walt Disney,2026-09-18,14:00,272.48,1.14,0.4193
DIS,Walt Disney,2026-09-18,14:30,272.97,1.63,0.6011
DIS,Walt Disney,2026-09-18,15:00,271.95,0.60,0.2228
DIS,Walt Disney,2026-09-18,15:30,272.33,0.98,0.3629
DIS,Walt Disney,2026-09-18,16:00,272.85,1.51,0.5575
AAPL,Apple,2026-09-18,09:30,312.75,-1.24,-0.3959
AAPL,Apple,2026-09-18,10:00,311.25,-2.74,-0.8738
AAPL,Apple,2026-09-18,10:30,311.94,-2.05,-0.6536
AAPL,Apple,2026-09-18,11:00,312.50,-1.49,-0.4755
AAPL,Apple,2026-09-18,11:30,312.50,-1.50,-0.4766
AAPL,Apple,2026-09-18,12:00,313.25,-0.75,-0.2375
AAPL,Apple,2026-09-18,12:30,313.18,-0.81,-0.2578
AAPL,Apple,2026-09-18,13:00,312.83,-1.17,-0.3713
AAPL,Apple,2026-09-18,13:30,312.14,-1.85,-0.5892
AAPL,Apple,2026-09-18,14:00,310.92,-3.07,-0.9784
AAPL,Apple,2026-09-18,14:30,311.17,-2.83,-0.8999
AAPL,Apple,2026-09-18,15:00,312.46,-1.54,-0.4894
AAPL,Apple,2026-09-18,15:30,312.70,-1.30,-0.4137
AAPL,Apple,2026-09-18,16:00,311.31,-2.68,-0.8550
NVDA,NVIDIA,2026-09-18,09:30,364.04,0.46,0.1259
NVDA,NVIDIA,2026-09-18,10:00,364.59,1.00,0.2753
NVDA,NVIDIA,2026-09-18,10:30,363.78,0.19,0.0531
NVDA,NVIDIA,2026-09-18,11:00,362.04,-1.55,-0.4251
NVDA,NVIDIA,2026-09-18,11:30,363.46,-0.13,-0.0359
NVDA,NVIDIA,2026-09-18,12:00,362.32,-1.26,-0.3471
NVDA,NVIDIA,2026-09-18,12:30,362.59,-1.00,-0.2741
NVDA,NVIDIA,2026-09-18,13:00,363.75,0.16,0.0446
NVDA,NVIDIA,2026-09-18,13:30,364.06,0.48,0.1307
NVDA,NVIDIA,2026-09-18,14:00,363.85,0.26,0.0712
NVDA,NVIDIA,2026-09-18,14:30,365.24,1.65,0.4537
NVDA,NVIDIA,2026-09-18,15:00,366.37,2.78,0.7657
NVDA,NVIDIA,2026-09-18,15:30,367.76,4.17,1.1467
NVDA,NVIDIA,2026-09-18,16:00,368.77,5.18,1.4248
GOOGL,Alphabet,2026-09-18,09:30,389.95,2.16,0.5572
GOOGL,Alphabet,2026-09-18,10:00,390.83,3.04,0.7848
GOOGL,Alphabet,2026-09-18,10:30,390.71,2.92,0.7524
GOOGL,Alphabet,2026-09-18,11:00,389.80,2.01,0.5189
GOOGL,Alphabet,2026-09-18,11:30,391.91,4.12,1.0621
GOOGL,Alphabet,2026-09-18,12:00,394.09,6.30,1.6255
GOOGL,Alphabet,2026-09-18,12:30,392.61,4.82,1.2422
GOOGL,Alphabet,2026-09-18,13:00,393.69,5.90,1.5209
GOOGL,Alphabet,2026-09-18,13:30,395.00,7.22,1.8608
GOOGL,Alphabet,2026-09-18,14:00,396.50,8.71,2.2466
GOOGL,Alphabet,2026-09-18,14:30,398.46,10.67,2.7521
GOOGL,Alphabet,2026-09-18,15:00,398.68,10.90,2.8097
GOOGL,Alphabet,2026-09-18,15:30,398.36,10.57,2.7257
GOOGL,Alphabet,2026-09-18,16:00,398.87,11.08,2.8576
AMZN,Amazon,2026-09-18,09:30,420.97,-0.68,-0.1609
AMZN,Amazon,2026-09-18,10:00,421.04,-0.61,-0.1451
AMZN,Amazon,2026-09-18,10:30,419.41,-2.24,-0.5306
AMZN,Amazon,2026-09-18,11:00,420.58,-1.06,-0.2522
AMZN,Amazon,2026-09-18,11:30,420.29,-1.36,-0.3224
AMZN,Amazon,2026-09-18,12:00,420.36,-1.28,-0.3044
AMZN,Amazon,2026-09-18,12:30,420.30,-1.35,-0.3199
AMZN,Amazon,2026-09-18,13:00,421.94,0.29,0.0685
AMZN,Amazon,2026-09-18,13:30,424.09,2.44,0.5789
AMZN,Amazon,2026-09-18,14:00,426.35,4.70,1.1152
AMZN,Amazon,2026-09-18,14:30,427.21,5.56,1.3191
AMZN,Amazon,2026-09-18,15:00,426.77,5.13,1.2160
AMZN,Amazon,2026-09-18,15:30,428.87,7.22,1.7131
AMZN,Amazon,2026-09-18,16:00,428.45,6.81,1.6140
